id,transaction_id,reason_code,amount_sar,status,opened_at
1,1386,item_not_received,1245.16,lost,2026-10-01
2,1647,item_not_received,487.83,won,2025-12-30
3,983,duplicate_charge,1653.16,lost,2025-07-14
4,2002,duplicate_charge,996.44,open,2026-10-01
5,923,fraud,539.1,won,2026-08-21
6,1298,fraud,1451.99,won,2026-08-10
7,577,not_as_described,485.27,lost,2026-09-21
8,1585,duplicate_charge,922.17,won,2026-07-26
9,2022,not_as_described,581.12,won,2026-04-15
10,229,not_as_described,2740.99,won,2025-07-29
11,1539,item_not_received,851.42,lost,2026-07-17
12,1054,fraud,441.42,lost,2026-01-08
13,1638,not_as_described,1162.11,won,2025-03-30
14,148,fraud,310.64,won,2026-08-23
15,1617,not_as_described,2510.75,lost,2025-11-23
16,1682,fraud,470.85,open,2026-05-26
17,738,fraud,1203.73,open,2026-03-18
18,829,duplicate_charge,755.88,open,2026-10-01
19,967,fraud,610.97,open,2026-03-20
20,1155,not_as_described,667.7,lost,2026-03-20
