id,name,email,phone,city,country,language,created_at
1,عبد السّميع آل قصير,liamchaudry@example.net,+966513356886,Khobar,SA,en,2025-12-22
2,Pahal Balay,chandertejas@example.org,9083863794,Kozhikode,IN,en,2026-03-03
3,دانة آل سلطان,gayathrichaudry@example.org,+966583197857,Riyadh,SA,en,2026-02-01
4,Hemangini Lalla,sharafjeet@example.com,+918495931034,Muzaffarpur,IN,en,2025-06-23
5,Arunima Setty,nicholas55@example.org,4192832764,Anantapur,IN,en,2026-05-30
6,طارق آل بن ظافر,nandini41@example.org,+966597226012,Khobar,SA,en,2026-05-13
7,Simon Tata,jshanker@example.com,+913884969653,Danapur,IN,hi,2026-07-02
8,رشاد آل سلطان,pahalbhatt@example.com,+966510872248,Jeddah,SA,en,2025-09-11
9,Zayan Apte,yadavamara@example.net,01462704828,Bihar Sharif,IN,en,2025-06-25
10,Michael Prakash,aadinaik@example.com,+911543039117,Katihar,IN,hi,2026-05-13
11,Vaishnavi Gandhi,pallavi38@example.net,3465787133,Sonipat,IN,hi,2026-03-21
12,Thomas Amble,bhargavaveer@example.org,+915183473829,Latur,IN,hi,2024-10-15
13,الأستاذة افتكار آل خضير,bpandya@example.com,+966515831819,Khobar,SA,en,2026-04-03
14,راني آل بن لافي,znori@example.org,+966560806024,Riyadh,SA,en,2025-08-23
15,المهندس ساطع الراشد,aryashere@example.org,+966593016315,Dammam,SA,ar,2025-03-24
16,مشرف المهيدب,bedialexander@example.org,+966516150444,Khobar,SA,ar,2026-06-05
17,الدكتور لمّاح العليان,zkala@example.org,+966520709497,Jeddah,SA,ar,2026-07-11
18,Madhavi Lanka,bmangal@example.net,8723430980,Howrah,IN,hi,2025-01-24
19,المهندسة ناردين آل صفوان,trivedifaris@example.org,+966558966946,Jeddah,SA,en,2024-11-05
20,Wahab Raval,koshybalveer@example.net,+916998543534,Mira-Bhayandar,IN,hi,2024-11-17
21,لوجين أبو داوود,andratara@example.net,+966596977837,Riyadh,SA,ar,2026-01-14
22,داوود المهنا,yashawinilanka@example.org,+966542857966,Jeddah,SA,en,2026-08-30
23,Yash Pingle,nakul78@example.net,09808412411,Darbhanga,IN,en,2026-07-16
24,السيد صباح مهنا,yashasvi74@example.org,+966517507864,Jeddah,SA,ar,2025-04-16
25,الدكتورة أفنان آل الشيخ,kalpit42@example.net,+966563843426,Dammam,SA,ar,2024-12-04
26,Aditya Choudhury,dixitbalendra@example.com,8262045053,Kota,IN,hi,2025-08-06
27,Mohammed Khalsa,petersachar@example.org,+915634216073,Jaunpur,IN,hi,2025-06-05
28,Udant Bajwa,mohininarasimhan@example.com,+914586850142,Agra,IN,hi,2025-06-02
29,Hemani Murthy,hvaidya@example.com,3406088356,Bathinda,IN,en,2024-12-15
30,Charita Tripathi,nilima56@example.net,08236629946,Avadi,IN,hi,2025-12-11
31,المهندسة ريان العجلان,rsathe@example.org,+966567503414,Madinah,SA,en,2025-04-19
32,Frado Mander,girik34@example.org,+912003791769,Yamunanagar,IN,en,2025-09-23
33,الدكتور ترف آل خضير,lkanda@example.net,+966522201654,Riyadh,SA,ar,2025-09-12
34,Zaid Dara,zdeol@example.com,8895798687,Fatehpur,IN,en,2025-09-28
35,السيد نزيه العليان,,+966566661351,Madinah,SA,ar,2025-08-12
36,Anita Nayak,faris22@example.org,02316658760,Bidar,IN,hi,2026-02-12
37,ياسر الحكير,wahuja@example.com,+966584252722,Riyadh,SA,ar,2025-06-30
38,المهندسة نوال حجار,vinayakanda@example.com,+966582070937,Dammam,SA,en,2026-03-12
39,Lopa Nayar,dgandhi@example.org,8069901627,Dhanbad,IN,hi,2025-08-02
40,Siddharth Sha,geetika64@example.com,01708053100,Kollam,IN,en,2025-04-01
41,الدكتور زبير العقيل,kamdarudyati@example.net,+966545351479,Madinah,SA,ar,2026-05-11
42,بهية حجار,gadedeepa@example.org,+966524282218,Khobar,SA,en,2025-03-29
43,هند مهنا,tranganathan@example.org,+966578137358,Madinah,SA,ar,2025-11-10
44,Harsh Mitra,barmanidika@example.net,05185067165,Jamnagar,IN,en,2024-11-23
45,نشوة العقيل,usarin@example.net,+966581182864,Riyadh,SA,en,2025-08-01
46,Gabriel Mallick,wkohli@example.com,9650752735,Mau,IN,en,2025-04-06
47,هاجر آل الشيخ,frederickkhurana@example.net,+966551273847,Jeddah,SA,ar,2025-04-14
48,Vamakshi Swaminathan,fbadal@example.com,+916349578856,Nagercoil,IN,en,2025-07-12
49,Damini Krishnamurthy,jaihans@example.com,+918233749894,Jammu,IN,hi,2026-02-04
50,بيلسان أبا الخيل,wallajonathan@example.com,+966581498611,Jeddah,SA,ar,2025-04-26
51,هيكل آل مقطة,vrittichauhan@example.org,+966583793389,Jeddah,SA,en,2024-11-01
52,السيدة كوثر الجابر,charankrishnan@example.com,+966591415657,Makkah,SA,ar,2025-11-06
53,لبيد العليان,beramax@example.org,+966536998038,Khobar,SA,en,2024-12-19
54,Frederick Kothari,sahaupkaar@example.net,07749649909,Dhule,IN,hi,2026-04-21
55,Finn Dugar,oscarborde@example.org,+916797403447,Muzaffarpur,IN,hi,2025-12-12
56,Pavani Contractor,manthanlata@example.org,+910249947174,Darbhanga,IN,en,2026-07-09
57,Raksha Buch,sankaranekantika@example.net,00139904902,Kadapa,IN,en,2025-09-16
58,تالا بن لادن,fswamy@example.com,+966540885476,Madinah,SA,ar,2025-12-31
59,Ekani Cheema,forumsabharwal@example.net,04680715451,Kottayam,IN,en,2025-06-01
60,Turvi Sachdev,guhazarna@example.com,7703482477,Bhopal,IN,en,2026-05-01
61,الدكتور عزّ الدّين المهيدب,reddygirik@example.org,+966519510312,Madinah,SA,ar,2026-08-13
62,Triya Dalal,wishimanne@example.net,4677378263,Coimbatore,IN,hi,2026-08-26
63,Harini Tripathi,aarnav44@example.net,7278755886,Pondicherry,IN,en,2025-04-12
64,المهندس طريف الدباغ,nadkarniurvashi@example.net,+966586644106,Madinah,SA,en,2026-06-01
65,Libni Doshi,ibansal@example.net,5171870262,Nandyal,IN,hi,2026-07-02
66,ريفال حنبولي,vbuch@example.net,+966535556386,Riyadh,SA,ar,2026-04-01
67,الدكتورة لينا المهنا,biswaswahab@example.net,+966557553014,Makkah,SA,en,2026-05-25
68,Utkarsh Chana,wchaudhari@example.net,1724005045,Chinsurah,IN,en,2026-01-23
69,المهندسة تالا آل صفوان,farhanraja@example.net,+966596728778,Riyadh,SA,ar,2025-01-10
70,Luke Kata,dkumar@example.com,0748217594,Chandrapur,IN,hi,2026-01-22
71,تمام الحكير,pchhabra@example.com,+966524665841,Jeddah,SA,ar,2025-08-16
72,Chakrika Bains,amaharaj@example.net,0974395339,Durgapur,IN,hi,2025-11-05
73,Dayamai Sastry,patlakaran@example.org,05623285884,Bardhaman,IN,en,2025-12-14
74,Chakrika Nigam,sidhufaqid@example.org,+916851604817,Firozabad,IN,en,2026-07-02
75,باسمة مهنا,urishillabakshi@example.net,+966520117988,Makkah,SA,ar,2025-11-14
76,Timothy Bhatnagar,pmittal@example.com,+912004711382,Malda,IN,en,2026-06-11
77,المهندسة بنفسج الدباغ,surinikita@example.com,+966541726318,Jeddah,SA,en,2025-06-17
78,Teerth Sawhney,xkeer@example.org,5850643171,Kavali,IN,en,2024-10-23
79,غانم آل قصير,sameshbiswas@example.net,+966517869910,Jeddah,SA,en,2026-08-11
80,Viraj Narasimhan,,+918421020539,Pune,IN,hi,2025-02-23
81,Jonathan Sama,bhattvamakshi@example.com,08917839084,Ludhiana,IN,hi,2025-01-30
82,Neelima Sandhu,swaminathansachi@example.org,+915921249985,Kavali,IN,hi,2024-11-12
83,Yashasvi Sani,contractortanveer@example.com,03657661565,Dindigul,IN,hi,2025-10-07
84,Ekalinga Chand,chanderrachana@example.org,5280988516,Bhusawal,IN,en,2026-07-30
85,عبد المجيد حجار,indira19@example.net,+966582772208,Riyadh,SA,en,2026-05-31
86,Udarsh Chokshi,jhalak14@example.net,+916899809402,Tirupati,IN,hi,2025-02-26
87,آيات آل عايض,nandiniboase@example.org,+966581286543,Jeddah,SA,ar,2026-07-08
88,راشد المغاولة,krishasaini@example.com,+966520752378,Jeddah,SA,ar,2026-03-03
89,روبين أبو داوود,bennachiket@example.org,+966541568532,Makkah,SA,ar,2025-05-27
90,رؤوف آل معيض,fsamra@example.net,+966586460539,Jeddah,SA,ar,2026-03-13
91,جميلة المشاولة,paiqushi@example.org,+966566267415,Khobar,SA,en,2025-08-06
92,المهندسة روبا آل بن ظافر,meghabhakta@example.org,+966537415205,Khobar,SA,en,2025-04-17
93,Laksh Kumer,falak10@example.com,6226838851,Kalyan-Dombivli,IN,hi,2025-02-21
94,Faras Munshi,travel@example.net,04160529751,Aligarh,IN,hi,2025-08-02
95,Farhan Randhawa,harinakshi35@example.org,+918188355231,Bardhaman,IN,en,2025-03-20
96,Faqid Goel,wshetty@example.net,7995527177,Panipat,IN,en,2025-02-16
97,Yashica Borah,triya70@example.org,04119986798,Hospet,IN,en,2025-11-18
98,السيد موفّق المشاولة,davidseshadri@example.org,+966527778019,Dammam,SA,ar,2026-06-29
99,اصيل المشاولة,balveerkota@example.net,+966559597086,Dammam,SA,ar,2026-04-21
100,Nathan Patla,barkha66@example.com,9051518644,Thoothukudi,IN,hi,2025-08-03
101,السيد عزيز فصيل,mdayal@example.net,+966597775215,Madinah,SA,ar,2024-11-27
102,هايدي الحكير,joshua81@example.net,+966584437458,Dammam,SA,ar,2026-07-19
103,أروى الحجار,pranit35@example.com,+966528024248,Dammam,SA,ar,2026-01-13
104,الدكتور ديسم آل مقطة,tripathibaljiwan@example.net,+966584252420,Jeddah,SA,en,2025-02-12
105,Krisha Dube,pratyushgandhi@example.net,00653794738,Tirupati,IN,en,2025-05-24
106,الأستاذة سجا مهنا,xshenoy@example.com,+966537326368,Khobar,SA,en,2026-08-07
107,الأستاذة تولين حجار,zashilben@example.net,+966543704923,Riyadh,SA,ar,2026-03-29
108,نوف آل خضير,manefiyaz@example.org,+966547135391,Riyadh,SA,ar,2025-09-02
109,Rajeshri Chand,shravyapalla@example.org,00685361530,Navi Mumbai,IN,en,2025-04-09
110,بلند آل سعود,mangaturmi@example.net,+966545159040,Jeddah,SA,en,2026-05-11
111,السيدة آيات آل حسين,,+966567403166,Madinah,SA,ar,2026-05-05
112,Indrajit Mani,charvidara@example.org,+916971179808,Asansol,IN,en,2025-10-20
113,فخري آل قصير,qgrover@example.net,+966559555330,Madinah,SA,ar,2025-04-22
114,Ekansh Vora,ramakrishnanupma@example.org,6540515319,Guntur,IN,en,2024-11-29
115,Parth Shetty,zgopal@example.org,+917043030548,Tinsukia,IN,en,2024-11-01
116,شهم آل مقطة,champak54@example.org,+966538195995,Khobar,SA,ar,2025-08-28
117,السيدة كوثر الحكير,rachit77@example.com,+966557469942,Madinah,SA,en,2026-04-13
118,اصيل الراشد,sanipranit@example.net,+966530743797,Jeddah,SA,ar,2026-07-10
119,ذكي أبو داوود,damini79@example.net,+966533763566,Makkah,SA,ar,2025-04-24
120,Indali Sekhon,panditradhika@example.com,0165820297,Cuttack,IN,hi,2025-07-26
121,زهرة الحكير,dubeshivani@example.com,+966565259205,Khobar,SA,ar,2024-11-17
122,Laksh Wagle,mitali54@example.org,+910278681447,Pudukkottai,IN,en,2025-06-18
123,Ryan Das,ethanseth@example.org,7155188442,Mirzapur,IN,en,2025-04-18
124,صافي آل سعود,wakeetabal@example.com,+966539854548,Jeddah,SA,en,2025-09-22
125,Unni Dayal,bhattidayamai@example.com,7866912517,Hazaribagh,IN,en,2025-10-23
126,Kai Sant,dashzarna@example.org,02253584143,Cuttack,IN,en,2025-05-30
127,Yadavi Ganguly,onveernazareth@example.net,+910109439690,Bongaigaon,IN,hi,2025-12-12
128,ليم آل قصير,dmishra@example.org,+966547463522,Dammam,SA,en,2025-04-21
129,المهندس مالك العقيل,vjani@example.net,+966581969657,Dammam,SA,ar,2026-01-26
130,Hemani Rastogi,kamalavarma@example.net,+915371473210,Yamunanagar,IN,hi,2025-01-09
131,Yuvraj Dutta,dhriti32@example.com,7747016873,Ballia,IN,hi,2026-05-28
132,Baghyawati Talwar,imangal@example.org,+916245650609,Mirzapur,IN,hi,2025-06-05
133,Libni Thaman,nmammen@example.net,1216558523,Orai,IN,hi,2025-10-23
134,Laksh Nath,dvenkataraman@example.org,8259526949,Guna,IN,en,2024-10-29
135,Chandani Soman,pillaygarima@example.net,+916940974993,Ballia,IN,en,2026-05-03
136,Manbir Kibe,choudharyrayaan@example.org,05626368970,Kadapa,IN,hi,2025-09-02
137,Vanya Vora,lmurthy@example.com,5854973348,Kamarhati,IN,en,2025-02-23
138,Bhavya Johal,enadig@example.com,4419866524,Tumkur,IN,en,2026-07-22
139,فاضل الشايع,varenya33@example.net,+966554318698,Madinah,SA,en,2026-07-31
140,بلقيس آل خضير,xavierbedi@example.net,+966526726926,Khobar,SA,en,2025-04-08
141,الدكتور حميد آل خضير,tnarayanan@example.com,+966599508850,Makkah,SA,en,2026-06-26
142,Abdul Dugar,esoni@example.net,+914540193802,Belgaum,IN,hi,2024-12-10
143,كنان العليان,bimalabarad@example.org,+966535748341,Makkah,SA,en,2026-07-16
144,غزير آل مقطة,fviswanathan@example.org,+966533357554,Madinah,SA,en,2025-04-27
145,Anjali Hans,narayanannicholas@example.net,04205493296,Kottayam,IN,en,2026-05-19
146,Girish Goyal,vanshanaik@example.org,+914637454990,Karimnagar,IN,en,2025-05-18
147,Jagat Shroff,nathaniel68@example.net,01459332727,Vijayanagaram,IN,hi,2026-01-28
148,Tejas Kota,vorasanya@example.net,5191088398,Dehradun,IN,hi,2026-02-04
149,الآنسة جالا بن لادن,gchand@example.com,+966578608612,Makkah,SA,ar,2025-05-18
150,الأستاذة ميرال الدباغ,jbhardwaj@example.com,+966548089166,Madinah,SA,en,2026-04-20
151,Anthony Randhawa,aarush39@example.org,+916518017046,Bhavnagar,IN,en,2026-01-14
152,الدكتورة سلاف الشايع,fprashad@example.net,+966540150759,Jeddah,SA,ar,2026-03-21
153,Ijaya Dani,mayawadhwa@example.org,3004786863,Jaunpur,IN,en,2026-08-06
154,ترانيم آل رفيع,sainiamol@example.org,+966592043803,Riyadh,SA,en,2025-05-31
155,Bahadurjit Sekhon,kondachaitanya@example.com,03830284395,Patiala,IN,en,2025-02-22
156,الدكتور ماجد أبا الخيل,darsh89@example.net,+966561536717,Makkah,SA,en,2025-04-30
157,Warhi Batta,lakshmi85@example.net,06246287334,Madhyamgram,IN,en,2026-07-01
158,السيدة هاجر المغاولة,lipikakibe@example.com,+966524305904,Makkah,SA,ar,2026-07-03
159,Shivani Prabhakar,wasonrayaan@example.org,06990139837,Thoothukudi,IN,hi,2025-02-20
160,Siddharth Gupta,srinivasxavier@example.net,3638546785,Bhilwara,IN,en,2025-05-01
161,السيدة ايمان العقيل,samar55@example.com,+966526288475,Makkah,SA,ar,2025-06-09
162,الدكتور ثقيف آل محمد بن علي بن جماز,jmerchant@example.org,+966599600766,Madinah,SA,en,2024-11-02
163,المهندسة جودي العليان,aarini77@example.com,+966569401199,Madinah,SA,en,2025-05-19
164,بوران آل سعود,igour@example.net,+966583534128,Makkah,SA,ar,2025-01-26
165,دريد كانو,ahujanitara@example.org,+966573709724,Makkah,SA,en,2026-08-02
166,الأستاذ سرور آل الشيخ,yashasvishah@example.com,+966595585469,Dammam,SA,en,2026-05-13
167,السيدة أروى آل الشيخ,barora@example.net,+966546855845,Makkah,SA,ar,2024-11-12
168,أروى المشاولة,ggola@example.org,+966541473195,Dammam,SA,en,2026-02-18
169,Rehaan Vyas,irya46@example.org,06793341016,Burhanpur,IN,en,2025-10-03
170,Aditya Garg,tataradha@example.net,09180339740,Parbhani,IN,en,2025-10-22
171,Praneel Murty,johalmaanas@example.net,01429396856,Vijayawada,IN,en,2026-06-22
172,أناهيد آل خضير,ekata@example.com,+966518620650,Makkah,SA,en,2025-09-16
173,Eta Balan,shravya73@example.com,6629619431,Agartala,IN,hi,2025-11-28
174,Lopa Nadig,hredhaan10@example.com,05412126788,Kota,IN,en,2025-01-16
175,نوف آل حسين,lekha04@example.com,+966562274692,Madinah,SA,ar,2024-10-19
176,واصل آل قصير,lajitagara@example.org,+966587267850,Makkah,SA,en,2025-06-29
177,Waida Dhingra,ganeshradhika@example.com,04715437993,Aligarh,IN,hi,2025-04-07
178,Meghana Natarajan,cnarayan@example.com,09245937526,Jalna,IN,hi,2025-01-03
179,المهندسة جودي أبو داوود,ymand@example.com,+966566240084,Madinah,SA,ar,2026-02-27
180,Pranit Bala,ckadakia@example.com,1672434266,Sultan Pur Majra,IN,hi,2025-06-13
181,Nandini Warrior,ybansal@example.com,8911352909,Bathinda,IN,en,2026-08-25
182,Hitesh Anne,kuruvillatristan@example.net,8899375679,Hapur,IN,hi,2026-08-08
183,الآنسة راما الدباغ,dalialucky@example.com,+966572732043,Jeddah,SA,ar,2026-08-30
184,الأستاذة ميلاء العقيل,vamakshi17@example.net,+966589442503,Madinah,SA,ar,2025-05-07
185,Ekalinga Mital,contractorarin@example.com,1238282586,Ahmednagar,IN,hi,2026-01-31
186,Quincy Sankaran,vbalakrishnan@example.net,+917966033419,Jorhat,IN,hi,2026-04-12
187,Ronith Shankar,lalavrishti@example.net,5969691557,Bihar Sharif,IN,hi,2025-02-08
188,Krish Munshi,kharedalaja@example.org,+915286692966,Morbi,IN,en,2026-07-06
189,Ojas Suri,logan25@example.com,0507236887,Pallavaram,IN,hi,2025-12-19
190,السيدة بهية آل حسين,kannanbrinda@example.org,+966560885459,Dammam,SA,en,2025-07-18
191,Om Shankar,hvaidya@example.net,+914858078361,Bihar Sharif,IN,en,2025-04-11
192,Shivani Lall,gagan71@example.org,+919596292330,Katihar,IN,en,2026-06-05
193,السيد عبدالرّحمن آل مقطة,,+966556970882,Jeddah,SA,ar,2025-04-15
194,بدرالدّجى آل سعود,madhavnagy@example.org,+966597477029,Riyadh,SA,ar,2026-07-06
195,السيدة بلماء بقشان,oeshi67@example.org,+966536757737,Riyadh,SA,ar,2026-03-18
196,Neha Varma,jyoti77@example.com,0175186363,Agartala,IN,hi,2025-12-18
197,ريفال المهيدب,vedhikaoza@example.net,+966585694715,Jeddah,SA,en,2025-05-15
198,راوي شربتلي,hbabu@example.org,+966559512272,Jeddah,SA,ar,2026-03-18
199,مراد آل عطفة,chasmumdutt@example.com,+966531980274,Dammam,SA,ar,2025-08-05
200,جوليا آل حسين,noah06@example.net,+966551870192,Madinah,SA,en,2024-12-05
201,Pushti Chand,agarwaltanay@example.com,+912938700516,Morena,IN,en,2025-05-02
202,Gaurav Chaudry,munshijhalak@example.com,+916221890927,Kakinada,IN,en,2024-11-19
203,Nisha Savant,gabrielchaudhry@example.org,+919656523413,Indore,IN,hi,2025-12-14
204,جالا المغاولة,manyamerchant@example.net,+966590585882,Riyadh,SA,ar,2026-05-17
205,Warda Raju,khoslaxalak@example.net,1805526965,Chittoor,IN,hi,2024-11-08
206,جابر بن لادن,atwaladweta@example.org,+966519255216,Madinah,SA,en,2026-07-31
207,Mitali Toor,yachana66@example.net,01889241418,Bhatpara,IN,hi,2024-10-28
208,المهندسة إلينا أبا الخيل,dkhare@example.org,+966524165187,Makkah,SA,en,2025-10-11
209,الآنسة لتين حنبولي,moreparth@example.org,+966571705170,Khobar,SA,ar,2024-11-30
210,Advay Gade,hpalan@example.net,4252410564,Firozabad,IN,hi,2024-10-09
211,مُنير العجلان,christopher79@example.org,+966582232344,Makkah,SA,en,2026-02-11
212,Harshil D’Alia,yashodharaagate@example.org,+913075622086,Pondicherry,IN,hi,2025-06-15
213,Anika Brahmbhatt,jagdish80@example.org,+918061744518,Bangalore,IN,en,2025-03-23
214,هدى أبا الخيل,ucchalpillay@example.net,+966521631697,Dammam,SA,en,2025-06-16
215,Yatan Dora,routarjun@example.org,5050641383,Pallavaram,IN,hi,2026-08-12
216,السيد راغب آل بن ظافر,zinalsachar@example.net,+966599682738,Makkah,SA,en,2026-08-04
217,Frado Chandran,meeraborde@example.net,0623445655,Darbhanga,IN,hi,2026-06-19
218,Laban Chopra,hiteshgala@example.com,05618537474,Mysore,IN,en,2025-03-13
219,Banjeet Kale,manbir13@example.com,08044206788,Bareilly,IN,hi,2025-01-19
220,Jairaj Arora,kapadiakalpit@example.org,05199410137,Tiruchirappalli,IN,hi,2025-08-20
221,بثينة آل بن ظافر,kbedi@example.net,+966579340535,Jeddah,SA,ar,2026-06-26
222,Watika Balan,lsandhu@example.com,+912447209993,Panchkula,IN,hi,2025-07-31
223,Darsh Chahal,leela26@example.org,8380657875,Munger,IN,en,2025-07-16
224,علاء الدّين حجار,ayushmanmand@example.org,+966596691619,Khobar,SA,en,2025-04-08
225,Ishita Kaul,harishkota@example.net,+914803965223,Secunderabad,IN,en,2026-04-20
226,Indira Dhar,waidamore@example.org,00103930870,Srikakulam,IN,en,2026-07-02
227,Harini Goel,daniel02@example.net,2185156915,North Dumdum,IN,en,2025-02-19
228,Rajeshri Sur,owen89@example.com,+919264422096,South Dumdum,IN,hi,2025-01-04
229,Hemang Taneja,garimabrahmbhatt@example.org,05215704331,Bardhaman,IN,hi,2025-11-26
230,Chanakya Raju,ksaini@example.com,06586179327,Visakhapatnam,IN,hi,2026-04-04
231,Advika Cheema,oommenonkar@example.com,+911815997062,Sangli-Miraj & Kupwad,IN,hi,2025-04-25
232,Samesh Gupta,qzachariah@example.net,04310698720,Delhi,IN,hi,2024-11-07
233,Varsha Iyengar,balsamuel@example.org,4171467741,Udaipur,IN,en,2025-07-27
234,Kala Grover,qbasu@example.com,04349021158,Giridih,IN,en,2025-06-17
235,Lila Virk,rwason@example.com,3741608989,Jamshedpur,IN,hi,2025-03-09
236,Oscar Ganesh,reyanshdate@example.org,01632945116,Suryapet,IN,hi,2026-07-27
237,ميلاء العجلان,virkoni@example.org,+966536054020,Dammam,SA,ar,2025-05-17
238,Harish Cherian,mangalhemangini@example.com,06799702462,Agra,IN,hi,2025-07-18
239,Wazir Bawa,xluthra@example.org,04447132475,Erode,IN,en,2025-07-05
240,Raghav Sathe,niharikasundaram@example.net,00821486289,Malegaon,IN,en,2025-11-28
241,الأستاذ عادل آل بن ظافر,xbedi@example.net,+966526948946,Khobar,SA,en,2025-02-12
242,Ucchal Tiwari,rdasgupta@example.org,+915797279855,Rampur,IN,en,2025-02-17
243,عبد القهّار آل العسكري,kbawa@example.net,+966573001391,Makkah,SA,en,2026-03-09
244,Timothy Kar,amrutarout@example.net,+910722903494,Bhusawal,IN,en,2026-03-30
245,Tripti Krishnan,unnatimittal@example.net,9691085899,Bihar Sharif,IN,hi,2026-06-19
246,Devansh Nayar,,4328309652,Mehsana,IN,en,2026-01-23
247,Omya Ravel,lbanik@example.net,3538758428,Durg,IN,en,2026-08-30
248,السيد واصل آل عايض,gaurav35@example.org,+966517195288,Jeddah,SA,ar,2024-12-08
249,فداء الجابر,abha94@example.com,+966550780112,Riyadh,SA,ar,2026-03-05
250,Chatresh Bobal,ghayer@example.org,6846022356,Asansol,IN,hi,2026-05-19
251,الأستاذ مُخيمر الجابر,dhritibhardwaj@example.org,+966593002706,Jeddah,SA,en,2025-05-10
252,Om Dutt,ichakrabarti@example.net,06667600835,Pondicherry,IN,hi,2025-08-13
253,Andrew Agrawal,upkaarpadmanabhan@example.com,+911689421044,Saharsa,IN,hi,2026-03-14
254,Radha Desai,vrishti53@example.org,00332309821,Agra,IN,en,2025-11-22
255,ناهد حنبولي,bavahritik@example.net,+966523318904,Jeddah,SA,ar,2025-06-20
256,Jack Saha,hrai@example.net,07230461849,Gurgaon,IN,en,2026-05-09
257,Yasti Dalal,ishaan17@example.org,3483564208,Dhule,IN,en,2026-05-05
258,الدكتورة جواهر آل الشيخ,chakrabortyindrajit@example.net,+966531009452,Riyadh,SA,en,2026-01-25
259,Gautam Vaidya,chaudhuriaahana@example.net,+917447012045,Purnia,IN,hi,2026-01-12
260,Chakradev Andra,onkarnarasimhan@example.com,09415521667,Kharagpur,IN,en,2026-03-01
261,Oviya Ganesan,,+916979729659,Bikaner,IN,hi,2026-01-26
262,الآنسة غوى الشايع,bhatnagaradvika@example.net,+966570939053,Riyadh,SA,ar,2025-09-04
263,السيد نذير المغاولة,santyuvraj@example.com,+966593893865,Madinah,SA,ar,2025-05-08
264,Manthan Bhagat,dugaryashasvi@example.com,02175354083,Sambhal,IN,en,2025-05-31
265,مكرّم الشايع,fchakrabarti@example.com,+966545652586,Jeddah,SA,ar,2026-04-25
266,Andrew Chauhan,csachar@example.net,0199488375,Meerut,IN,hi,2025-05-10
267,الدكتورة هايدي حنبولي,tpatla@example.com,+966586397676,Dammam,SA,en,2026-04-25
268,Aarnav Om,bishakha88@example.com,1027261493,Jamshedpur,IN,hi,2024-12-19
269,الأستاذة لوجين آل عطفة,hritik60@example.net,+966546540265,Madinah,SA,en,2026-07-14
270,Shravya Shankar,wishiagrawal@example.net,0869782922,Munger,IN,en,2026-05-10
271,ميار الحكير,rkothari@example.com,+966553261270,Madinah,SA,en,2026-01-04
272,Sneha Deol,nitaravala@example.com,8583339452,Ambala,IN,en,2026-08-06
273,بتلاء الجفالي,rsahni@example.net,+966587201917,Madinah,SA,ar,2025-10-15
274,فرات آل الشيخ,,+966546173157,Madinah,SA,ar,2026-06-18
275,صارم آل معيض,bhavinikrishna@example.org,+966533513701,Makkah,SA,en,2024-11-07
276,جالا المهنا,parmersneha@example.org,+966534359060,Madinah,SA,en,2026-05-11
277,المهندس طه المشاولة,champak66@example.com,+966575998319,Riyadh,SA,en,2025-12-06
278,Chatura Arya,samaksh97@example.org,5989334721,Malegaon,IN,hi,2026-08-01
279,Krishna Baria,jmallick@example.com,+912940572025,Tadepalligudem,IN,en,2026-02-27
280,مادلين بقشان,elijah58@example.org,+966554265498,Makkah,SA,en,2026-05-14
281,Yashasvi Dutta,,03355543987,Raipur,IN,hi,2026-08-01
282,الأستاذة جودي آل بن ظافر,lakshmi16@example.com,+966583832717,Riyadh,SA,en,2026-01-12
283,Aryan Varughese,yoshita87@example.com,+914358112880,Bhagalpur,IN,hi,2025-10-14
284,Panini Chawla,radhikabora@example.net,2075011024,Ramgarh,IN,hi,2026-01-13
285,عتاب الحكير,bravel@example.com,+966510154493,Khobar,SA,en,2026-04-29
286,Abeer Bhatnagar,boraishita@example.net,+914491476607,Deoghar,IN,en,2024-10-12
287,المهندسة راما شربتلي,chanchalprakash@example.org,+966593568503,Makkah,SA,en,2025-03-03
288,الأستاذ حسنين آل الشيخ,jyogi@example.org,+966537321124,Dammam,SA,ar,2025-10-23
289,جمان الدباغ,naveengour@example.org,+966568802946,Khobar,SA,en,2025-05-02
290,Rishi Contractor,chaturashenoy@example.net,1414139755,Noida,IN,en,2025-12-06
291,شيّق أبو داوود,vseshadri@example.net,+966551708177,Madinah,SA,ar,2024-12-10
292,السيد عفيف الراشد,aayushmunshi@example.org,+966522510327,Jeddah,SA,ar,2026-01-05
293,Aradhana Parsa,garimasrinivasan@example.com,05478129142,Firozabad,IN,en,2026-04-03
294,دليل آل العسكري,ravelsimon@example.org,+966530665654,Makkah,SA,en,2026-02-26
295,الأستاذة سبأ الخرافي,binadesai@example.com,+966546698468,Makkah,SA,en,2025-10-22
296,كنان الحجار,kharenoah@example.net,+966542713008,Makkah,SA,ar,2025-09-16
297,Praneel Dhingra,cparmer@example.org,03145303856,Malda,IN,en,2025-01-07
298,عماد آل خضير,adya98@example.net,+966547077298,Makkah,SA,en,2026-06-10
299,الدكتورة وصاف فصيل,varughesezayan@example.com,+966578147397,Dammam,SA,ar,2025-01-30
300,Zaitra Ravi,hemani77@example.net,+918272318432,Sangli-Miraj & Kupwad,IN,hi,2026-08-12
301,طالب الدباغ,ishaan77@example.com,+966587835998,Khobar,SA,en,2025-06-11
302,المهندس جرّاح آل قصير,dattanaveen@example.org,+966569934576,Madinah,SA,en,2025-02-25
303,Manan Bhalla,aarnagole@example.net,09904137977,Muzaffarnagar,IN,hi,2025-12-15
304,Qabil Vaidya,oliver57@example.net,1366210388,Jalgaon,IN,hi,2026-05-05
305,المهندس حسام المهنا,chandervasatika@example.net,+966542051937,Madinah,SA,en,2025-11-28
306,Raagini Vig,cprabhakar@example.net,6376599162,Morena,IN,hi,2024-12-31
307,Bhanumati Rege,ranbir00@example.net,1806356512,Bhimavaram,IN,hi,2026-03-21
308,المهندسة سبأ حنبولي,mekhala36@example.net,+966561167978,Makkah,SA,ar,2025-03-27
309,Praneel Prabhakar,tkulkarni@example.net,06213721386,Jamalpur,IN,en,2026-04-02
310,Naveen Ramachandran,,6114351906,Srikakulam,IN,hi,2025-12-04
311,يارا آل بن لافي,wardasarna@example.org,+966569096899,Riyadh,SA,en,2026-01-03
312,Robert Bandi,,+910214656693,Coimbatore,IN,en,2025-02-19
313,Ijaya Palan,upkaar93@example.com,09042681818,Mau,IN,en,2026-07-06
314,Zashil Savant,xsule@example.org,07790714163,Satna,IN,hi,2026-07-25
315,Zaitra Wason,lallyuvraj@example.com,+916518275539,South Dumdum,IN,hi,2025-07-16
316,المهندس صارم آل قصير,alkajhaveri@example.org,+966554099326,Khobar,SA,en,2026-07-25
317,السيد سعيد آل خضير,brarwaida@example.net,+966594127561,Khobar,SA,en,2025-02-19
318,مَجدي الحجار,waida94@example.com,+966514818295,Madinah,SA,ar,2024-10-05
319,Mitali Kapadia,chaturavora@example.com,08085627187,Bangalore,IN,hi,2025-02-06
320,المهندس يزيد آل خضير,janaki94@example.org,+966522130508,Makkah,SA,ar,2024-10-09
321,السيد مهدي حنبولي,jasmit27@example.com,+966523489853,Makkah,SA,ar,2025-10-19
322,سبأ الخرافي,shravya29@example.org,+966513885234,Riyadh,SA,en,2025-02-25
323,الأستاذ عبد الرّحمن آل قصير,mraj@example.org,+966549375156,Dammam,SA,en,2026-08-17
324,Urvashi Andra,oviyatata@example.org,8857448906,Ujjain,IN,en,2026-04-14
325,ليان شربتلي,senguptagaurika@example.com,+966585957578,Khobar,SA,ar,2024-11-12
326,Hemangini Bahri,wdara@example.net,3998245587,Vijayawada,IN,en,2025-06-10
327,لورا شربتلي,olivernazareth@example.com,+966561344226,Madinah,SA,ar,2025-06-24
328,Ekbal Buch,hemalkari@example.com,04496475987,Rourkela,IN,en,2025-12-16
329,Jeremiah Keer,fariq32@example.com,+911178006811,Tadipatri,IN,hi,2025-02-06
330,Dayamai Karnik,bhanumatisavant@example.net,+912820055778,Motihari,IN,en,2025-01-17
331,المهندس ودود الراشد,idika78@example.org,+966572445234,Dammam,SA,ar,2025-08-08
332,Darika Pau,jlad@example.com,+910825478077,Bangalore,IN,hi,2026-04-17
333,يارا آل عواض,prakashranbir@example.com,+966550151803,Khobar,SA,en,2026-03-21
334,السيدة جوريّة آل صفوان,oradhakrishnan@example.com,+966571315464,Dammam,SA,ar,2026-06-10
335,السيد عبد القهّار فصيل,nitara31@example.org,+966574855088,Riyadh,SA,ar,2024-11-25
336,Tamanna Sethi,vyanjana35@example.org,+910802144270,Mysore,IN,hi,2025-01-04
337,الأستاذة ريم الدباغ,wishi57@example.net,+966549625201,Riyadh,SA,en,2025-01-14
338,Faris Dhingra,latamanya@example.org,7234601367,Visakhapatnam,IN,en,2026-04-07
339,نزيه كانو,urvashiramachandran@example.net,+966576669607,Dammam,SA,ar,2025-02-17
340,بهاء شربتلي,vermajason@example.com,+966557287718,Jeddah,SA,ar,2026-08-04
341,تمام الحجار,kamdarisaiah@example.org,+966598473848,Khobar,SA,ar,2025-09-02
342,أحلام آل صفوان,jagdish63@example.org,+966594216001,Khobar,SA,ar,2025-12-18
343,Mohammed Prabhu,kotharinakul@example.com,+919500528127,Ratlam,IN,hi,2026-08-10
344,Reva Hans,purohitishita@example.net,+914077848739,Tinsukia,IN,hi,2026-08-19
345,الدكتورة ياسمين المهيدب,ekapadwali@example.org,+966522097496,Dammam,SA,en,2025-06-01
346,نغم الحجار,xacharya@example.net,+966533574011,Jeddah,SA,ar,2025-08-11
347,الأستاذ فهد حنبولي,ekanibhatnagar@example.net,+966559104566,Madinah,SA,en,2025-09-20
348,الأستاذة ناديه مهنا,ndube@example.com,+966544489940,Makkah,SA,en,2026-08-09
349,باهرة آل خضير,bassikai@example.org,+966555461591,Riyadh,SA,en,2025-05-14
350,الأستاذ مُتولي آل عطفة,balaylipika@example.net,+966528892086,Jeddah,SA,en,2026-06-04
351,ألين الحجار,ekavirarya@example.org,+966584801233,Dammam,SA,ar,2025-09-08
352,منيب شربتلي,patelojasvi@example.com,+966511868130,Dammam,SA,ar,2026-01-03
353,Amaira Wadhwa,bobaldaksha@example.org,+918113863383,Proddatur,IN,hi,2026-04-09
354,الآنسة هند الجفالي,gsane@example.org,+966595704631,Dammam,SA,ar,2026-03-09
355,المهندسة ريفال كانو,saanvipandey@example.com,+966573280554,Riyadh,SA,en,2026-04-08
356,سجى الدباغ,mnaik@example.org,+966539711402,Khobar,SA,ar,2025-10-21
357,المهندس هلالي آل محمد بن علي بن جماز,sneha76@example.org,+966572312933,Khobar,SA,en,2025-10-30
358,يارا آل العسكري,chasmumahuja@example.com,+966525659979,Jeddah,SA,ar,2026-02-21
359,السيد جرّاح آل معيض,,+966550851122,Makkah,SA,ar,2026-08-21
360,Alka Peri,virajkunda@example.com,+919693157279,Hindupur,IN,en,2025-06-06
361,Lakshmi Brar,nattijaya@example.com,01390604805,Khammam,IN,hi,2025-12-24
362,الدكتور حمزة مهنا,wsehgal@example.net,+966582503409,Makkah,SA,ar,2025-09-17
363,ضرغام الراشد,meera22@example.com,+966597902129,Riyadh,SA,en,2025-11-07
364,هزار الخرافي,frederick68@example.com,+966547546086,Riyadh,SA,en,2024-11-27
365,Krishna Srivastava,vinayarana@example.net,3898331465,Gorakhpur,IN,hi,2026-03-26
366,الدكتورة ريمان آل عطفة,hemangini90@example.com,+966558678896,Riyadh,SA,en,2026-01-14
367,لارا حنبولي,ridhibasu@example.org,+966596547189,Dammam,SA,ar,2025-01-27
368,Nachiket Chada,bhagatxavier@example.net,+914051477053,Kurnool,IN,en,2025-02-17
369,نوره العقيل,andrewpuri@example.net,+966571031132,Riyadh,SA,ar,2025-10-18
370,عالم آل صفوان,mandersai@example.net,+966590147573,Riyadh,SA,ar,2026-06-27
371,منتصر فصيل,bhavsarlipika@example.net,+966542691263,Jeddah,SA,ar,2025-12-07
372,Hritik Bahl,libni36@example.net,1579812387,Thane,IN,en,2025-04-08
373,ريف العليان,bdugar@example.com,+966541272553,Dammam,SA,ar,2025-03-23
374,رواء آل قصير,david46@example.org,+966589991301,Riyadh,SA,en,2026-01-23
375,جهراء آل سلطان,maya21@example.net,+966529419691,Jeddah,SA,en,2026-07-23
376,المهندس ظاعن بقشان,poojamuni@example.net,+966524754064,Khobar,SA,ar,2025-06-25
377,Samuel Devi,lakshitmore@example.net,8262925188,Udaipur,IN,hi,2025-05-19
378,الأستاذ علاء الدّين الدباغ,cmitter@example.net,+966541934639,Madinah,SA,en,2025-05-11
379,Max Guha,deepqasim@example.org,9499939330,Vijayawada,IN,hi,2026-07-16
380,Krish Thakkar,lprakash@example.com,07223306046,Panihati,IN,hi,2026-01-25
381,شامل الشايع,dnair@example.org,+966518530615,Makkah,SA,en,2026-03-15
382,قنوع أبو داوود,hyadav@example.net,+966578885632,Madinah,SA,ar,2025-07-27
383,Ikbal Seth,pbasak@example.net,6086803476,Baranagar,IN,en,2026-06-06
384,الدكتورة أناهيد المغاولة,ubikaseth@example.org,+966515820356,Khobar,SA,en,2025-08-19
385,Pranit Deshmukh,usachdev@example.com,+912793714521,Raipur,IN,en,2026-02-18
386,Frederick Viswanathan,nvaidya@example.org,08602592222,Gurgaon,IN,hi,2026-02-07
387,الدكتورة تالا آل رفيع,samakshaggarwal@example.net,+966567213476,Khobar,SA,ar,2025-05-04
388,Tara Tank,mahluwalia@example.com,+913977671990,Motihari,IN,hi,2026-03-20
389,Chandran Goyal,christopherpalla@example.org,+910994510162,Anantapuram,IN,en,2025-04-13
390,Tamanna Parsa,chanderchandani@example.com,06168147214,Hajipur,IN,en,2025-12-02
391,Shaurya Bhardwaj,wadhwagagan@example.com,9469548995,Srikakulam,IN,hi,2025-07-17
392,السيدة تالا حنبولي,,+966588566318,Madinah,SA,en,2025-10-29
393,Jacob Johal,csachdev@example.com,08303441448,Chennai,IN,hi,2024-12-22
394,Harita Randhawa,gillrishi@example.com,07702727857,Pimpri-Chinchwad,IN,hi,2024-12-19
395,Diya Wason,joshigarima@example.com,+912405682996,Hindupur,IN,en,2026-05-08
396,روعة آل بن ظافر,odika17@example.org,+966597364555,Madinah,SA,ar,2024-12-21
397,Tarak Vohra,parth15@example.org,+911780782357,Khammam,IN,en,2025-06-18
398,Zaitra Deo,balhaarsharaf@example.com,8104091570,Saharsa,IN,hi,2025-01-09
399,Arin Muni,ekaniiyer@example.org,04857142241,Karaikudi,IN,en,2026-03-21
400,Inaya Nagar,lohit49@example.org,+911495870207,Aligarh,IN,hi,2025-09-25
401,مخلص الخرافي,sanayaparekh@example.com,+966560237832,Jeddah,SA,en,2025-06-26
402,Farhan Shroff,giriksidhu@example.org,04773329456,Bathinda,IN,en,2025-05-21
403,Sudiksha Sura,bhattacharyyavaishnavi@example.org,07724599281,Aligarh,IN,en,2026-04-06
404,عدوي المهنا,lrattan@example.com,+966560015814,Jeddah,SA,ar,2025-05-17
405,الدكتور مَجدي الحكير,oaksathvik@example.net,+966585374852,Madinah,SA,en,2025-03-17
406,المهندسة ريم المهنا,oscarbrahmbhatt@example.net,+966565137801,Dammam,SA,en,2025-11-18
407,الآنسة وفاء حجار,jnanda@example.org,+966516904975,Dammam,SA,en,2026-07-14
408,Darika Ravi,chopraladli@example.com,00132902278,Pali,IN,en,2026-04-29
409,Rohan Jha,chandani94@example.com,5190986240,Jamalpur,IN,hi,2025-12-05
410,Jagrati Choudhary,azaan36@example.net,6566668327,Maheshtala,IN,en,2026-08-09
411,Omisha Dube,jeremiah20@example.org,0276212679,Bokaro,IN,hi,2025-10-24
412,Shivani Rajagopalan,upkaar26@example.net,+919738468950,Tezpur,IN,hi,2025-08-15
413,باهرة بن لادن,jbuch@example.net,+966567594492,Madinah,SA,ar,2025-09-04
414,لورين المغاولة,,+966598292612,Khobar,SA,en,2026-02-24
415,Devika Bera,advay77@example.net,09565442094,Ghaziabad,IN,hi,2025-08-27
416,الأستاذ عبد الواحد حنبولي,mangatvedhika@example.org,+966551471222,Dammam,SA,en,2025-12-15
417,Arunima Krishnan,avnimaharaj@example.com,+911929275243,Bokaro,IN,en,2024-12-28
418,فارس آل حسين,miteshtandon@example.com,+966563792364,Riyadh,SA,ar,2026-04-13
419,المهندس سهل آل علي,chatura41@example.org,+966514114726,Riyadh,SA,ar,2026-03-24
420,Vamakshi Mitra,owalia@example.com,6742860476,Bettiah,IN,hi,2025-01-26
421,Gunbir Wali,rachana94@example.com,04149673938,Bokaro,IN,hi,2026-01-22
422,Abhiram Bir,sabharwalguneet@example.net,+917534430091,Hindupur,IN,hi,2025-05-08
423,الأستاذ روحي آل حسين,keyagoyal@example.org,+966586181117,Madinah,SA,ar,2026-01-03
424,راما العجلان,settyaradhana@example.com,+966530881581,Jeddah,SA,ar,2026-01-30
425,جوين آل صفوان,malhotradavid@example.com,+966546521025,Makkah,SA,en,2026-01-28
426,Aarna Lanka,ridhiboase@example.com,+919627128639,Mango,IN,hi,2025-06-30
427,Bakhshi Bora,krishnasanaya@example.org,02006425690,Morena,IN,en,2026-02-13
428,نوري آل عواض,rajagopalanvasatika@example.org,+966525276327,Dammam,SA,en,2025-08-02
429,Gauri Mitter,obhakta@example.net,+915851743280,Jhansi,IN,hi,2025-11-02
430,الآنسة زكية العليان,sarmaranveer@example.org,+966551395350,Riyadh,SA,ar,2025-04-28
431,William Suresh,ybhatnagar@example.net,4787005050,Kochi,IN,en,2024-10-25
432,Manthan Kaul,bansallohit@example.com,0790320204,Sirsa,IN,hi,2025-02-26
433,رخاء آل رفيع,ekannan@example.org,+966528419343,Dammam,SA,en,2025-12-02
434,Ekta Dara,ekantakala@example.org,2511426258,Bahraich,IN,en,2025-07-26
435,Kiaan Chaudhry,bdugar@example.com,+910021946723,Gopalpur,IN,hi,2025-03-20
436,William Ghosh,golexalak@example.net,+914560833181,Panvel,IN,hi,2025-10-02
437,الأستاذة دارين آل بن لافي,isaiahdixit@example.net,+966540884937,Madinah,SA,en,2025-09-21
438,Widisha Goda,calebbhagat@example.net,04364597010,Sangli-Miraj & Kupwad,IN,en,2026-05-14
439,Yutika D’Alia,keersai@example.net,5635315313,Kollam,IN,hi,2026-04-03
440,الأستاذ مهدي بن لادن,,+966552018286,Madinah,SA,en,2025-06-20
441,الأستاذة شادن الحجار,tanvihari@example.net,+966595918360,Makkah,SA,en,2025-03-01
442,Samaksh Nayak,azadbhasin@example.com,+911776253492,Gangtok,IN,en,2025-06-09
443,الأستاذ مؤنس المغاولة,lkalita@example.com,+966533068427,Madinah,SA,en,2026-08-11
444,أحلام الراشد,yugnarang@example.com,+966558567046,Riyadh,SA,en,2026-05-09
445,الأستاذ مجاهد آل بن ظافر,singhalyamini@example.org,+966542657384,Makkah,SA,en,2025-11-10
446,السيدة ايمان الشايع,fkhosla@example.net,+966563118906,Dammam,SA,en,2025-07-25
447,Tejas Deo,chakrika31@example.org,04279907726,Uluberia,IN,en,2026-03-12
448,Ekavir Rajan,bachittar46@example.com,9893195085,Bhubaneswar,IN,en,2025-12-13
449,المهندسة أفراح الحجار,parth81@example.net,+966536025314,Dammam,SA,en,2025-06-26
450,الدكتور غزوان آل قصير,sridharshaurya@example.net,+966596629889,Jeddah,SA,ar,2026-02-09
451,Ira Loke,dmalhotra@example.org,05778817884,Udupi,IN,hi,2026-03-17
452,Raghav Shankar,buchmahika@example.org,01124127238,Durg,IN,en,2025-06-15
453,المهندس فالح الدباغ,sbail@example.org,+966597980930,Riyadh,SA,ar,2025-07-19
454,السيد مؤنس بن لادن,eta79@example.net,+966594281857,Makkah,SA,en,2024-11-14
455,السيدة رواء بقشان,daminigarg@example.com,+966587774890,Makkah,SA,en,2026-01-31
456,دعاء آل بن لافي,iramane@example.com,+966594183695,Dammam,SA,ar,2025-03-08
457,Bhavika Gopal,miteshedwin@example.org,+910592745238,Ratlam,IN,hi,2026-08-01
458,Kashish Sen,charvidara@example.org,07275208854,Ramagundam,IN,hi,2026-08-16
459,المهندس فؤاد آل رفيع,ibaria@example.net,+966589379016,Riyadh,SA,en,2026-08-10
460,أزهار الخرافي,sanayaparikh@example.org,+966551662236,Makkah,SA,en,2025-10-21
461,Tristan Mall,arinchacko@example.net,01863759980,Sikar,IN,hi,2025-05-17
462,الدكتورة سلسبيل الحجار,manehemani@example.com,+966520298660,Khobar,SA,ar,2025-01-12
463,المهندسة اعتكاف آل علي,zsagar@example.com,+966578057490,Makkah,SA,en,2025-05-04
464,السيدة بلقيس بن لادن,dhawansarthak@example.com,+966515505975,Makkah,SA,ar,2025-04-21
465,Dominic Prashad,ahujanimrat@example.net,06287923264,Kalyan-Dombivli,IN,hi,2025-08-29
466,هيام أبا الخيل,osheth@example.org,+966518304547,Makkah,SA,ar,2026-04-29
467,السيد عدلي شربتلي,pdash@example.net,+966556095437,Khobar,SA,ar,2026-04-07
468,الأستاذة مادلين فصيل,ayushdar@example.com,+966533160465,Riyadh,SA,ar,2026-06-17
469,فكري بن لادن,qsarin@example.net,+966568978194,Madinah,SA,ar,2025-09-11
470,Kashvi Vala,ladnicholas@example.net,+912572520456,Nashik,IN,hi,2026-01-24
471,Yoshita Hari,girindraganesh@example.net,05445189520,Kadapa,IN,hi,2025-04-21
472,السيدة ريم آل صفوان,kamdarmohammed@example.net,+966517028380,Khobar,SA,en,2025-04-15
473,Ishaan Sahni,hbose@example.org,+917545279852,Bhopal,IN,en,2025-03-04
474,ضرغام آل سعود,utkarshmohanty@example.org,+966561883769,Dammam,SA,en,2026-03-06
475,مختار آل رفيع,bahlveda@example.com,+966598122539,Madinah,SA,ar,2025-02-24
476,Bachittar Varghese,singhjagat@example.com,+911401193932,Bhopal,IN,en,2024-10-30
477,هيا الجفالي,naveen89@example.org,+966551638598,Khobar,SA,en,2024-12-03
478,Hardik Atwal,rehaanmanda@example.org,0138759271,Raichur,IN,en,2025-09-19
479,Tanish Varkey,nikitachowdhury@example.com,+917182754801,Kumbakonam,IN,hi,2026-08-18
480,لتين حجار,sachi38@example.com,+966554087376,Jeddah,SA,ar,2024-12-21
481,الأستاذة ابتسام العقيل,praneel07@example.net,+966566828640,Madinah,SA,en,2025-04-22
482,Frederick Dar,megharattan@example.net,1215353961,Khandwa,IN,hi,2024-12-13
483,Anjali Ratta,,4271147732,Navi Mumbai,IN,en,2026-02-20
484,Wishi Bala,lavanyanarain@example.org,09911877347,Dibrugarh,IN,hi,2026-03-01
485,Andrew Balay,ydani@example.com,06770028427,Guntur,IN,en,2025-04-02
486,Vinaya Choudhary,kzacharia@example.com,08280647969,Anantapuram,IN,hi,2025-05-07
487,حقّي آل سعود,ikshita90@example.net,+966523574883,Madinah,SA,ar,2025-05-13
488,مراد الجفالي,nisha50@example.net,+966592950779,Jeddah,SA,en,2025-05-27
489,Devika Chad,modyishwar@example.com,+910850769864,Nandyal,IN,en,2025-03-20
490,سديم بقشان,knaidu@example.org,+966593851247,Jeddah,SA,en,2025-11-16
491,Samesh Nayar,zthakkar@example.net,02945637183,Bilaspur,IN,hi,2026-04-19
492,الأستاذة اعتماد بن لادن,nayaranjali@example.org,+966541880763,Makkah,SA,en,2024-11-03
493,السيدة جلنار الجفالي,mittalyamini@example.com,+966570254091,Jeddah,SA,ar,2025-11-01
494,Ryan Sachdeva,nkrishnamurthy@example.net,08208297374,Buxar,IN,hi,2025-07-31
495,نسيب آل عطفة,turvi23@example.org,+966536040410,Dammam,SA,en,2026-02-21
496,Radhika Roy,devansh36@example.com,02493631230,Tirupati,IN,hi,2026-03-07
497,السيدة أغاريد آل عطفة,anjalideshpande@example.org,+966577498993,Madinah,SA,en,2025-08-21
498,نوره آل عايض,sunderanmol@example.org,+966536802975,Madinah,SA,ar,2025-03-30
499,عصمت حجار,devansh65@example.net,+966517003454,Khobar,SA,en,2026-05-25
500,كنان آل سعود,isaactella@example.org,+966584429198,Riyadh,SA,ar,2026-01-04
