id,customer_id,status,total_sar,ordered_at,delivered_at
1,154,delivered,2504.23,2026-02-09,2026-02-15
2,212,cancelled,149.98,2026-07-12,
3,170,delivered,458.06,2026-09-13,2026-09-18
4,194,delivered,197.16,2026-09-25,2026-10-01
5,412,delivered,1706.86,2025-11-26,2025-12-03
6,490,processing,397.44,2026-08-25,
7,387,delivered,890.07,2025-09-03,2025-09-06
8,398,delivered,987.47,2025-03-27,2025-04-01
9,51,shipped,1353.9,2026-05-18,
10,443,delivered,389.31,2026-08-27,2026-08-30
11,479,delivered,1350.26,2026-09-12,2026-09-19
12,256,delivered,1011.21,2026-07-04,2026-07-11
13,252,delivered,821.25,2026-06-18,2026-06-25
14,470,processing,331.84,2026-03-23,
15,430,shipped,79.63,2025-12-04,
16,212,delivered,792.62,2025-08-22,2025-08-29
17,112,delivered,373.77,2025-12-19,2025-12-23
18,342,cancelled,933.36,2026-09-22,
19,9,delivered,709.12,2026-01-14,2026-01-18
20,55,processing,572.19,2026-02-24,
21,130,shipped,1614.02,2026-01-15,
22,125,cancelled,585.3,2026-04-09,
23,440,delivered,545.34,2025-12-12,2025-12-14
24,194,delivered,74.94,2026-09-26,2026-09-28
25,43,delivered,930.48,2026-02-20,2026-02-25
26,462,shipped,1375.73,2025-10-04,
27,17,delivered,2273.64,2026-09-04,2026-09-08
28,74,shipped,1322.01,2026-09-27,
29,460,delivered,477.16,2026-08-20,2026-08-25
30,382,cancelled,179.98,2026-09-03,
31,119,shipped,1063.95,2025-10-31,
32,16,delivered,983.97,2026-08-28,2026-09-02
33,339,delivered,856.88,2026-06-17,2026-06-23
34,195,delivered,259.32,2026-03-22,2026-03-29
35,55,delivered,744.84,2026-09-21,2026-09-25
36,230,delivered,1635.78,2026-07-22,2026-07-28
37,402,delivered,66.0,2026-07-14,2026-07-19
38,199,delivered,864.31,2026-05-11,2026-05-18
39,195,delivered,683.14,2026-09-19,2026-09-23
40,142,delivered,71.68,2026-03-10,2026-03-15
41,484,delivered,706.0,2026-08-16,2026-08-23
42,486,delivered,2122.44,2025-09-06,2025-09-12
43,165,delivered,1054.95,2026-09-04,2026-09-11
44,496,delivered,1155.73,2026-05-10,2026-05-17
45,478,delivered,597.32,2026-09-15,2026-09-21
46,488,delivered,649.26,2025-11-21,2025-11-28
47,420,shipped,2291.16,2026-06-07,
48,79,delivered,782.49,2026-08-17,2026-08-22
49,246,delivered,1588.95,2026-08-28,2026-09-03
50,56,delivered,890.65,2026-09-19,2026-09-26
51,347,delivered,1332.52,2026-02-13,2026-02-17
52,286,delivered,946.1,2026-07-28,2026-08-03
53,396,delivered,358.76,2025-09-02,2025-09-09
54,152,delivered,71.54,2026-09-26,2026-09-28
55,179,delivered,1678.96,2026-04-23,2026-04-28
56,50,delivered,774.25,2025-06-12,2025-06-19
57,332,delivered,566.64,2026-09-01,2026-09-04
58,170,delivered,403.12,2026-01-10,2026-01-15
59,328,delivered,991.5,2026-02-14,2026-02-19
60,453,delivered,632.51,2026-08-13,2026-08-19
61,296,delivered,559.14,2026-08-30,2026-09-05
62,59,delivered,501.52,2026-04-04,2026-04-09
63,179,delivered,504.15,2026-09-04,2026-09-09
64,303,delivered,720.12,2026-07-25,2026-07-28
65,356,delivered,1406.03,2026-03-10,2026-03-15
66,276,delivered,1738.2,2026-05-15,2026-05-22
67,72,delivered,195.0,2026-08-17,2026-08-22
68,249,delivered,1018.44,2026-08-24,2026-08-29
69,43,delivered,1223.02,2026-09-11,2026-09-14
70,400,delivered,898.86,2026-03-18,2026-03-25
71,278,shipped,1128.96,2026-08-26,
72,226,delivered,991.5,2026-09-16,2026-09-21
73,385,delivered,972.62,2026-07-29,2026-07-31
74,302,delivered,524.46,2026-07-21,2026-07-28
75,273,delivered,448.9,2026-07-29,2026-08-04
76,294,delivered,945.92,2026-08-23,2026-08-29
77,471,delivered,245.11,2026-04-24,2026-04-28
78,365,delivered,1466.06,2026-06-29,2026-07-02
79,232,delivered,2653.44,2025-07-08,2025-07-10
80,298,delivered,190.3,2026-08-17,2026-08-24
81,326,delivered,338.36,2026-07-03,2026-07-07
82,112,cancelled,1066.28,2026-07-02,
83,173,delivered,536.93,2026-04-16,2026-04-19
84,9,delivered,1177.13,2025-07-07,2025-07-10
85,82,shipped,399.58,2024-12-17,
86,341,processing,855.95,2026-05-12,
87,372,delivered,564.62,2026-03-14,2026-03-17
88,68,delivered,1150.63,2026-08-09,2026-08-15
89,37,delivered,272.58,2025-08-31,2025-09-02
90,189,processing,755.71,2026-04-12,
91,347,delivered,430.77,2026-05-14,2026-05-20
92,85,delivered,397.35,2026-07-08,2026-07-15
93,316,delivered,89.99,2026-07-30,2026-08-02
94,386,delivered,1895.38,2026-03-16,2026-03-23
95,128,delivered,894.74,2026-01-18,2026-01-24
96,266,delivered,1834.14,2026-09-15,2026-09-18
97,256,delivered,71.68,2026-09-06,2026-09-08
98,68,delivered,992.83,2026-08-02,2026-08-08
99,35,delivered,289.9,2026-07-29,2026-08-01
100,260,delivered,1645.23,2026-07-25,2026-08-01
101,79,delivered,145.42,2026-09-20,2026-09-24
102,499,shipped,3548.97,2026-07-05,
103,34,delivered,204.2,2026-03-23,2026-03-28
104,60,delivered,1470.48,2026-08-21,2026-08-27
105,380,delivered,375.9,2026-03-30,2026-04-02
106,71,delivered,768.82,2026-05-25,2026-05-28
107,384,delivered,57.03,2026-07-22,2026-07-26
108,172,shipped,1520.13,2026-07-16,
109,40,delivered,495.65,2025-07-18,2025-07-24
110,131,delivered,99.45,2026-07-19,2026-07-25
111,261,delivered,578.4,2026-03-12,2026-03-14
112,472,delivered,1341.56,2026-07-26,2026-07-28
113,293,delivered,429.01,2026-09-21,2026-09-27
114,412,delivered,2361.33,2026-08-14,2026-08-16
115,234,delivered,1200.47,2025-09-30,2025-10-03
116,189,delivered,258.54,2026-09-16,2026-09-21
117,4,cancelled,284.34,2026-08-26,
118,178,delivered,117.44,2026-02-18,2026-02-25
119,389,delivered,1494.65,2026-03-14,2026-03-21
120,493,delivered,946.44,2026-08-30,2026-09-02
121,459,shipped,162.28,2026-09-29,
122,259,delivered,481.68,2026-03-04,2026-03-09
123,32,delivered,325.54,2026-06-11,2026-06-14
124,359,shipped,740.56,2026-08-27,
125,70,delivered,133.93,2026-05-03,2026-05-09
126,85,delivered,759.39,2026-07-22,2026-07-26
127,136,shipped,756.39,2025-12-13,
128,156,shipped,325.22,2025-06-15,
129,76,delivered,1031.65,2026-07-22,2026-07-25
130,420,cancelled,545.34,2026-08-29,
131,285,delivered,134.74,2026-05-17,2026-05-20
132,412,delivered,144.95,2026-06-07,2026-06-09
133,67,delivered,978.92,2026-07-20,2026-07-25
134,133,processing,306.58,2026-09-03,
135,102,processing,699.82,2026-08-21,
136,474,delivered,836.27,2026-07-24,2026-07-31
137,466,delivered,1153.68,2026-05-17,2026-05-21
138,256,delivered,1360.48,2026-08-20,2026-08-26
139,453,delivered,325.56,2025-10-10,2025-10-13
140,184,delivered,705.34,2026-07-22,2026-07-27
141,14,delivered,310.64,2026-07-04,2026-07-07
142,30,shipped,1076.36,2026-03-05,
143,337,delivered,79.63,2025-11-18,2025-11-24
144,295,shipped,1973.34,2025-12-05,
145,184,processing,319.05,2026-07-19,
146,181,cancelled,651.29,2026-09-16,
147,159,delivered,66.6,2026-09-28,2026-09-30
148,309,delivered,877.37,2026-05-23,2026-05-29
149,471,shipped,1429.59,2026-04-13,
150,397,delivered,1334.97,2025-12-31,2026-01-06
151,52,delivered,789.71,2026-03-20,2026-03-24
152,492,delivered,2346.66,2025-02-12,2025-02-16
153,403,delivered,950.82,2026-05-27,2026-06-03
154,151,delivered,224.82,2026-03-23,2026-03-30
155,201,shipped,668.85,2026-03-17,
156,163,processing,308.98,2026-08-15,
157,73,delivered,355.87,2026-03-31,2026-04-02
158,454,cancelled,541.54,2026-02-26,
159,35,delivered,75.08,2026-02-18,2026-02-20
160,225,delivered,1543.62,2026-04-21,2026-04-24
161,334,delivered,973.75,2026-06-25,2026-06-28
162,11,delivered,87.24,2026-05-22,2026-05-24
163,455,delivered,193.34,2026-07-18,2026-07-25
164,174,delivered,1948.64,2026-03-19,2026-03-25
165,28,delivered,689.55,2026-05-14,2026-05-17
166,474,delivered,675.89,2026-08-01,2026-08-05
167,282,shipped,216.47,2026-07-23,
168,45,delivered,1124.31,2025-11-18,2025-11-25
169,243,shipped,1106.36,2026-03-28,
170,329,delivered,508.08,2025-03-13,2025-03-16
171,226,delivered,882.1,2026-08-01,2026-08-04
172,44,delivered,1122.05,2025-04-30,2025-05-06
173,495,delivered,296.44,2026-09-10,2026-09-15
174,463,shipped,489.96,2026-09-29,
175,462,delivered,489.94,2026-08-23,2026-08-29
176,486,cancelled,310.74,2026-09-14,
177,41,cancelled,668.76,2026-08-04,
178,45,delivered,1407.85,2026-06-15,2026-06-20
179,301,delivered,248.5,2025-07-02,2025-07-07
180,76,delivered,744.78,2026-07-09,2026-07-15
181,400,delivered,1204.56,2026-05-12,2026-05-16
182,312,delivered,1671.24,2025-08-16,2025-08-19
183,206,delivered,193.4,2026-08-24,2026-08-28
184,460,delivered,2096.3,2026-02-25,2026-03-01
185,498,shipped,317.7,2026-09-13,
186,138,delivered,260.46,2026-08-30,2026-09-05
187,109,processing,1546.03,2026-02-16,
188,34,delivered,1117.07,2026-01-01,2026-01-07
189,429,delivered,732.45,2026-04-18,2026-04-20
190,204,delivered,257.7,2026-09-21,2026-09-23
191,251,delivered,990.69,2026-07-30,2026-08-02
192,47,delivered,727.35,2025-06-23,2025-06-28
193,400,cancelled,603.32,2026-01-20,
194,138,delivered,465.96,2026-08-28,2026-09-03
195,5,delivered,819.78,2026-06-16,2026-06-19
196,312,shipped,2701.78,2025-04-28,
197,437,delivered,3932.28,2025-10-07,2025-10-11
198,423,delivered,104.01,2026-02-06,2026-02-12
199,340,cancelled,946.17,2026-09-23,
200,351,delivered,1219.65,2026-07-28,2026-07-30
201,365,cancelled,612.46,2026-08-14,
202,207,delivered,948.66,2026-08-10,2026-08-17
203,152,delivered,1544.19,2026-05-14,2026-05-19
204,372,delivered,1183.61,2026-07-26,2026-08-02
205,151,delivered,715.26,2026-06-22,2026-06-25
206,336,delivered,555.82,2026-05-02,2026-05-06
207,191,delivered,2045.75,2025-08-30,2025-09-03
208,242,processing,271.44,2025-08-20,
209,272,delivered,241.16,2026-09-24,2026-09-26
210,292,processing,2106.43,2026-03-30,
211,91,delivered,1158.86,2026-09-28,2026-09-30
212,108,delivered,194.22,2026-06-29,2026-07-02
213,315,delivered,741.2,2025-09-20,2025-09-25
214,192,cancelled,2198.01,2026-09-13,
215,321,delivered,1899.7,2026-06-04,2026-06-07
216,157,delivered,806.22,2026-09-12,2026-09-14
217,173,delivered,289.07,2025-12-14,2025-12-21
218,85,cancelled,712.54,2026-06-18,
219,302,delivered,2740.99,2025-07-09,2025-07-11
220,395,delivered,46.33,2026-05-13,2026-05-15
221,335,shipped,87.79,2025-05-19,
222,214,delivered,723.67,2026-05-15,2026-05-17
223,323,delivered,138.99,2026-09-05,2026-09-10
224,139,shipped,2000.34,2026-09-30,
225,317,delivered,136.05,2026-08-19,2026-08-21
226,312,delivered,602.7,2025-03-15,2025-03-19
227,83,delivered,783.14,2026-02-11,2026-02-16
228,2,delivered,505.65,2026-07-31,2026-08-02
229,253,delivered,389.37,2026-06-19,2026-06-21
230,52,processing,1605.1,2026-04-17,
231,26,delivered,66.0,2026-07-28,2026-07-31
232,411,delivered,171.72,2026-08-16,2026-08-21
233,5,shipped,727.12,2026-06-14,
234,138,shipped,424.44,2026-07-28,
235,94,delivered,908.34,2026-08-05,2026-08-10
236,68,delivered,905.87,2026-03-09,2026-03-11
237,411,delivered,612.74,2025-12-20,2025-12-25
238,15,shipped,801.5,2025-12-31,
239,226,delivered,1025.64,2026-07-26,2026-07-30
240,371,delivered,1209.43,2026-08-29,2026-09-05
241,222,delivered,1868.22,2026-04-07,2026-04-10
242,28,delivered,1172.0,2026-03-12,2026-03-15
243,497,delivered,1310.44,2026-09-19,2026-09-25
244,419,delivered,1351.02,2026-07-02,2026-07-07
245,382,delivered,3559.24,2026-03-30,2026-04-01
246,327,delivered,501.42,2026-01-03,2026-01-09
247,187,shipped,705.78,2025-03-26,
248,308,delivered,2315.2,2026-05-25,2026-06-01
249,2,delivered,1024.16,2026-07-24,2026-07-31
250,460,delivered,802.62,2026-08-23,2026-08-26
251,235,shipped,288.84,2025-03-23,
252,24,processing,114.06,2026-04-14,
253,235,delivered,512.16,2026-04-01,2026-04-07
254,25,delivered,2729.55,2025-08-23,2025-08-28
255,54,delivered,1416.0,2026-07-26,2026-08-01
256,141,delivered,2783.39,2026-09-26,2026-09-30
257,454,delivered,1219.78,2026-06-11,2026-06-15
258,108,delivered,2368.27,2025-11-01,2025-11-05
259,278,delivered,752.64,2026-08-05,2026-08-09
260,288,delivered,990.71,2026-08-03,2026-08-09
261,13,delivered,104.06,2026-07-31,2026-08-02
262,385,delivered,558.32,2026-05-31,2026-06-04
263,17,shipped,549.57,2026-09-27,
264,379,delivered,994.93,2026-08-30,2026-09-02
265,199,delivered,842.98,2025-08-07,2025-08-14
266,318,shipped,3994.3,2026-09-09,
267,379,delivered,1420.84,2026-09-04,2026-09-11
268,39,delivered,98.19,2026-09-10,2026-09-13
269,220,delivered,547.64,2025-12-30,2026-01-03
270,170,delivered,267.86,2026-06-30,2026-07-03
271,306,delivered,977.75,2026-04-14,2026-04-21
272,163,delivered,93.57,2026-09-09,2026-09-12
273,213,delivered,89.85,2026-02-03,2026-02-08
274,453,delivered,2347.79,2025-10-19,2025-10-23
275,288,shipped,1253.19,2025-11-08,
276,178,delivered,347.02,2026-02-16,2026-02-23
277,469,delivered,927.43,2026-01-13,2026-01-15
278,412,delivered,1915.05,2025-09-06,2025-09-11
279,99,delivered,102.54,2026-05-02,2026-05-04
280,274,delivered,609.56,2026-09-25,2026-09-27
281,218,shipped,302.22,2025-10-15,
282,332,shipped,429.81,2026-06-22,
283,79,delivered,919.92,2026-08-20,2026-08-27
284,286,delivered,1457.06,2026-09-05,2026-09-08
285,162,delivered,169.18,2026-06-29,2026-07-06
286,329,delivered,74.94,2025-03-31,2025-04-02
287,184,processing,99.0,2026-07-17,
288,155,delivered,778.23,2025-05-28,2025-06-01
289,70,delivered,2611.44,2026-08-06,2026-08-12
290,192,cancelled,428.1,2026-07-08,
291,73,delivered,2037.23,2026-07-20,2026-07-22
292,177,delivered,504.77,2026-03-27,2026-04-03
293,428,delivered,689.06,2025-09-22,2025-09-24
294,237,delivered,1109.43,2026-01-18,2026-01-20
295,298,delivered,407.64,2026-07-28,2026-08-01
296,318,delivered,2171.32,2026-05-13,2026-05-16
297,356,delivered,956.49,2026-02-04,2026-02-10
298,403,delivered,1969.7,2026-08-05,2026-08-12
299,229,delivered,1099.78,2026-01-05,2026-01-09
300,457,delivered,71.54,2026-09-10,2026-09-14
301,457,delivered,486.84,2026-09-20,2026-09-26
302,208,delivered,285.4,2026-04-10,2026-04-13
303,279,processing,856.94,2026-06-12,
304,439,delivered,421.58,2026-09-10,2026-09-15
305,258,delivered,506.6,2026-05-23,2026-05-26
306,82,delivered,851.3,2025-12-04,2025-12-10
307,21,delivered,303.39,2026-05-03,2026-05-08
308,22,delivered,712.89,2026-09-23,2026-09-29
309,166,delivered,568.54,2026-09-04,2026-09-10
310,193,delivered,283.92,2026-03-08,2026-03-12
311,193,cancelled,829.26,2025-12-02,
312,250,delivered,163.32,2026-07-15,2026-07-21
313,226,delivered,578.55,2026-07-05,2026-07-07
314,368,shipped,816.56,2025-09-06,
315,247,delivered,966.58,2026-09-13,2026-09-18
316,12,delivered,1549.33,2025-03-24,2025-03-27
317,457,delivered,835.21,2026-09-11,2026-09-13
318,307,cancelled,442.26,2026-04-20,
319,339,shipped,325.22,2025-12-06,
320,311,cancelled,2333.03,2026-06-22,
321,338,delivered,603.4,2026-07-08,2026-07-11
322,198,delivered,882.9,2026-05-14,2026-05-16
323,424,delivered,474.37,2026-05-16,2026-05-18
324,450,delivered,295.4,2026-09-09,2026-09-15
325,338,delivered,647.19,2026-06-30,2026-07-06
326,333,delivered,1633.43,2026-04-18,2026-04-23
327,405,delivered,133.4,2025-05-27,2025-05-31
328,131,delivered,151.62,2026-09-18,2026-09-21
329,449,delivered,744.16,2026-07-19,2026-07-23
330,296,delivered,294.57,2026-04-02,2026-04-08
331,106,delivered,1418.04,2026-08-23,2026-08-27
332,438,delivered,802.5,2026-05-20,2026-05-26
333,283,delivered,632.62,2025-11-09,2025-11-14
334,130,cancelled,1385.91,2025-02-06,
335,61,delivered,677.03,2026-08-18,2026-08-23
336,403,delivered,484.9,2026-06-20,2026-06-26
337,494,delivered,895.86,2025-09-09,2025-09-11
338,33,delivered,142.3,2026-05-23,2026-05-27
339,371,delivered,736.3,2026-05-25,2026-05-30
340,225,delivered,2352.66,2026-05-31,2026-06-07
341,119,delivered,35.84,2025-09-04,2025-09-11
342,336,delivered,487.76,2025-02-24,2025-02-27
343,181,delivered,801.78,2026-09-12,2026-09-17
344,36,processing,669.2,2026-03-10,
345,116,delivered,1002.97,2026-05-18,2026-05-21
346,287,delivered,2025.19,2025-06-14,2025-06-18
347,356,delivered,879.75,2025-12-22,2025-12-27
348,442,delivered,2310.94,2025-12-14,2025-12-16
349,118,shipped,931.25,2026-07-16,
350,48,delivered,1437.7,2026-08-07,2026-08-14
351,112,processing,916.65,2026-01-30,
352,103,delivered,254.23,2026-06-15,2026-06-18
353,80,delivered,330.69,2025-11-16,2025-11-18
354,253,delivered,1215.12,2026-07-26,2026-08-01
355,318,delivered,948.93,2025-12-31,2026-01-06
356,114,delivered,663.68,2025-05-25,2025-05-28
357,245,cancelled,326.64,2026-09-27,
358,202,shipped,929.52,2026-07-05,
359,236,delivered,92.55,2026-08-08,2026-08-10
360,195,delivered,777.75,2026-04-23,2026-04-27
361,138,delivered,630.98,2026-09-13,2026-09-19
362,359,delivered,2746.1,2026-09-14,2026-09-18
363,417,delivered,2257.62,2026-07-10,2026-07-14
364,75,shipped,380.38,2025-12-18,
365,256,delivered,836.23,2026-07-25,2026-08-01
366,204,delivered,325.22,2026-05-17,2026-05-20
367,244,shipped,1738.29,2026-04-20,
368,172,delivered,1173.0,2025-11-20,2025-11-24
369,494,delivered,411.72,2026-02-19,2026-02-25
370,345,delivered,1219.33,2026-05-03,2026-05-10
371,328,shipped,1995.96,2026-08-24,
372,41,delivered,467.09,2026-09-26,2026-09-29
373,331,delivered,1073.26,2026-04-17,2026-04-22
374,95,shipped,275.66,2025-12-17,
375,482,delivered,757.88,2026-01-23,2026-01-30
376,204,delivered,1131.28,2026-09-27,2026-09-29
377,135,delivered,1863.12,2026-06-26,2026-06-28
378,68,delivered,557.64,2026-07-11,2026-07-14
379,183,shipped,2481.03,2026-09-21,
380,70,cancelled,675.36,2026-05-01,
381,384,delivered,1758.14,2025-12-20,2025-12-26
382,413,delivered,601.74,2025-10-23,2025-10-27
383,268,shipped,569.96,2024-12-28,
384,5,delivered,1402.3,2026-06-12,2026-06-17
385,281,delivered,1921.63,2026-08-01,2026-08-06
386,113,delivered,664.77,2026-09-15,2026-09-20
387,351,delivered,604.19,2026-08-07,2026-08-14
388,57,delivered,975.41,2025-12-04,2025-12-10
389,26,cancelled,87.44,2026-05-06,
390,145,delivered,550.46,2026-08-14,2026-08-21
391,176,delivered,612.87,2026-01-15,2026-01-20
392,29,delivered,326.78,2026-01-29,2026-02-03
393,93,delivered,1172.34,2026-05-30,2026-06-03
394,378,cancelled,1147.57,2025-08-15,
395,341,cancelled,2036.33,2025-12-29,
396,382,cancelled,492.5,2026-02-11,
397,327,delivered,128.85,2026-01-29,2026-02-02
398,499,delivered,1072.67,2026-05-27,2026-06-03
399,5,cancelled,764.24,2026-06-19,
400,47,delivered,289.9,2025-07-04,2025-07-08
401,331,delivered,248.86,2026-05-29,2026-06-04
402,120,delivered,614.63,2026-09-15,2026-09-21
403,184,delivered,290.91,2026-01-03,2026-01-07
404,225,delivered,1163.46,2026-09-08,2026-09-14
405,141,shipped,1409.39,2026-08-21,
406,152,shipped,1325.01,2026-04-29,
407,376,delivered,934.08,2026-03-15,2026-03-17
408,338,cancelled,1401.79,2026-09-01,
409,166,delivered,515.16,2026-05-20,2026-05-24
410,338,delivered,289.94,2026-04-08,2026-04-11
411,99,delivered,2116.09,2026-08-01,2026-08-07
412,188,delivered,125.3,2026-09-06,2026-09-13
413,336,delivered,3011.48,2026-09-17,2026-09-19
414,30,shipped,799.19,2026-08-17,
415,484,delivered,269.97,2026-08-05,2026-08-11
416,119,delivered,789.64,2026-03-02,2026-03-05
417,321,cancelled,1593.57,2026-04-29,
418,360,delivered,1025.92,2025-10-24,2025-10-26
419,173,delivered,2171.66,2026-04-26,2026-05-02
420,423,delivered,457.08,2026-05-14,2026-05-20
421,393,delivered,1433.6,2026-01-08,2026-01-15
422,18,cancelled,141.96,2026-02-04,
423,456,delivered,1642.63,2026-03-31,2026-04-04
424,422,delivered,954.32,2026-06-29,2026-07-05
425,80,delivered,332.41,2025-12-05,2025-12-09
426,293,delivered,259.58,2026-08-10,2026-08-13
427,406,delivered,354.24,2026-05-04,2026-05-09
428,154,delivered,1113.68,2025-12-22,2025-12-28
429,477,shipped,462.31,2025-07-01,
430,325,delivered,656.25,2024-12-25,2024-12-30
431,22,shipped,798.45,2026-09-27,
432,79,delivered,1487.56,2026-09-01,2026-09-08
433,149,delivered,879.84,10/01/2026,2026-01-13
434,382,delivered,933.47,2026-02-25,2026-03-02
435,391,delivered,923.28,2026-09-04,2026-09-10
436,101,delivered,531.92,2025-07-18,2025-07-25
437,166,delivered,77.58,2026-08-19,2026-08-25
438,212,delivered,512.64,2025-06-24,2025-06-28
439,13,delivered,1041.79,2026-05-25,2026-05-28
440,474,shipped,798.53,2026-04-15,
441,437,delivered,206.4,2026-01-27,2026-02-03
442,475,delivered,261.72,2025-07-09,2025-07-13
443,412,delivered,2015.89,2025-11-13,2025-11-18
444,268,delivered,4028.84,2026-08-02,2026-08-08
445,299,processing,142.85,2025-08-24,
446,31,delivered,889.12,2026-03-04,2026-03-11
447,339,delivered,927.76,2026-06-29,2026-07-06
448,195,delivered,959.4,2026-07-25,2026-08-01
449,444,delivered,738.62,2026-05-28,2026-05-30
450,475,delivered,1694.42,2025-08-14,2025-08-16
451,202,delivered,760.58,2026-03-18,2026-03-20
452,142,shipped,1127.51,2026-09-04,
453,175,processing,654.94,2026-06-04,
454,492,delivered,874.35,2026-02-15,2026-02-22
455,219,cancelled,804.38,2026-04-19,
456,298,delivered,1733.85,2026-09-07,2026-09-10
457,466,delivered,760.5,2026-08-30,2026-09-02
458,486,delivered,715.9,2026-07-13,2026-07-16
459,156,delivered,341.9,2026-03-18,2026-03-25
460,14,delivered,756.74,2025-12-15,2025-12-21
461,119,delivered,175.58,2026-05-22,2026-05-26
462,69,delivered,2097.86,2026-03-05,2026-03-11
463,84,delivered,804.85,2026-08-07,2026-08-09
464,388,delivered,1079.97,2026-04-27,2026-04-30
465,398,delivered,3195.99,2026-01-25,2026-02-01
466,269,delivered,231.92,2026-07-21,2026-07-28
467,232,delivered,436.26,2025-08-22,2025-08-24
468,21,shipped,260.46,2026-09-29,
469,226,delivered,505.42,2026-07-29,2026-08-02
470,354,delivered,1595.09,2026-04-21,2026-04-24
471,481,processing,927.28,2025-05-16,
472,13,delivered,623.8,2026-04-06,2026-04-12
473,355,delivered,254.33,2026-09-10,2026-09-17
474,59,delivered,3416.09,2025-11-21,2025-11-28
475,314,cancelled,1309.36,2026-08-04,
476,442,delivered,687.88,2026-07-10,2026-07-13
477,158,delivered,487.53,2026-09-21,2026-09-26
478,319,delivered,897.06,2025-02-25,2025-02-27
479,338,delivered,2217.0,2026-04-18,2026-04-23
480,286,shipped,124.98,2025-08-17,
481,335,delivered,386.55,2026-01-15,2026-01-18
482,430,delivered,37.54,2025-06-29,2025-07-03
483,214,cancelled,429.27,2025-09-29,
484,355,delivered,779.14,2026-05-23,2026-05-29
485,477,delivered,710.35,2025-07-17,2025-07-21
486,150,delivered,1052.08,2026-06-17,2026-06-19
487,108,delivered,1822.68,2025-09-20,2025-09-22
488,353,delivered,1027.87,2026-09-09,2026-09-16
489,320,delivered,1062.78,2025-04-20,2025-04-23
490,363,delivered,153.77,2025-12-26,2025-12-29
491,239,delivered,614.88,2026-05-13,2026-05-15
492,171,delivered,286.8,2026-08-13,2026-08-20
493,145,delivered,486.29,2026-08-17,2026-08-19
494,352,delivered,140.76,2026-07-13,2026-07-18
495,170,shipped,1871.18,2026-09-05,
496,457,shipped,760.12,2026-08-27,
497,290,delivered,2273.64,2026-04-21,2026-04-25
498,351,delivered,112.7,2026-07-31,2026-08-04
499,431,delivered,479.4,2025-01-11,2025-01-16
500,305,delivered,1586.38,2025-12-30,2026-01-03
501,450,delivered,1757.31,2026-07-01,2026-07-06
502,402,delivered,311.64,2026-06-14,2026-06-17
503,13,delivered,522.18,2026-09-21,2026-09-27
504,448,delivered,840.45,2026-08-10,2026-08-14
505,68,delivered,2023.42,2026-02-02,2026-02-04
506,435,delivered,2775.36,2025-05-18,2025-05-20
507,160,delivered,222.16,2026-03-23,2026-03-27
508,142,delivered,60.1,2026-07-07,2026-07-12
509,81,delivered,152.16,2026-08-07,2026-08-09
510,180,delivered,369.59,2025-08-26,2025-08-30
511,88,delivered,303.42,2026-05-03,2026-05-09
512,463,delivered,2135.95,2025-12-17,2025-12-19
513,323,shipped,2590.99,2026-09-08,
514,41,cancelled,1094.49,2026-08-23,
515,351,delivered,1047.63,2025-10-16,2025-10-21
516,359,processing,569.85,2026-09-16,
517,58,delivered,671.56,2026-04-01,2026-04-06
518,295,delivered,3923.02,2025-12-08,2025-12-10
519,237,delivered,442.57,2026-07-16,2026-07-21
520,499,delivered,3699.32,2026-07-20,2026-07-22
521,404,delivered,468.61,2025-12-11,2025-12-18
522,379,cancelled,1704.7,2026-09-13,
523,91,delivered,536.46,2025-11-17,2025-11-22
524,351,shipped,787.72,2026-07-18,
525,455,delivered,182.4,2026-04-23,2026-04-30
526,339,delivered,512.63,2025-12-12,2025-12-18
527,349,shipped,1907.45,2025-06-26,
528,46,delivered,1505.07,2025-10-25,2025-10-31
529,287,shipped,761.17,2026-05-12,
530,303,delivered,1522.69,2026-03-29,2026-04-02
531,72,delivered,1034.23,2026-06-12,2026-06-17
532,6,delivered,636.2,2026-06-03,2026-06-05
533,500,cancelled,205.65,2026-07-26,
534,413,delivered,2589.77,2026-02-16,2026-02-21
535,182,delivered,496.52,2026-08-20,2026-08-25
536,434,delivered,749.69,2026-07-07,2026-07-14
537,291,delivered,324.56,2025-09-08,2025-09-12
538,493,delivered,2741.76,2026-03-17,2026-03-20
539,126,delivered,485.61,2026-01-09,2026-01-16
540,277,delivered,261.72,2026-08-17,2026-08-21
541,399,delivered,1200.01,2026-08-22,2026-08-27
542,19,delivered,721.98,2025-07-14,2025-07-20
543,297,delivered,2215.88,2025-01-25,2025-01-27
544,65,delivered,877.13,2026-07-15,2026-07-19
545,380,delivered,566.03,2026-01-27,2026-01-30
546,134,delivered,1496.29,2026-05-17,2026-05-20
547,429,delivered,732.68,2026-09-12,2026-09-17
548,376,shipped,923.76,2025-08-03,
549,387,shipped,68.36,2025-10-13,
550,205,delivered,597.0,2026-09-18,2026-09-23
551,243,delivered,1793.55,2026-04-11,2026-04-17
552,490,delivered,2551.0,2025-12-05,2025-12-11
553,137,shipped,1137.08,2026-05-13,
554,124,delivered,890.25,2026-05-26,2026-06-01
555,93,delivered,152.47,2026-03-04,2026-03-06
556,211,delivered,485.27,2026-09-08,2026-09-10
557,318,delivered,681.6,2024-11-15,2024-11-21
558,491,delivered,752.37,2026-08-01,2026-08-07
559,412,cancelled,157.51,2026-06-04,
560,130,delivered,96.76,2026-03-01,2026-03-08
561,473,cancelled,2123.96,2025-12-28,
562,398,delivered,450.84,2025-07-14,2025-07-19
563,252,cancelled,1027.45,2026-01-26,
564,252,delivered,2046.81,2026-05-21,2026-05-27
565,18,delivered,917.26,2025-12-30,2026-01-05
566,328,delivered,747.89,2026-03-13,2026-03-15
567,363,cancelled,2232.8,2026-07-08,
568,197,cancelled,1380.27,2026-08-16,
569,29,delivered,407.16,2024-12-20,2024-12-27
570,437,cancelled,312.14,2026-01-03,
571,332,delivered,604.8,14/07/2026,2026-07-20
572,98,delivered,391.35,2026-09-23,2026-09-28
573,184,delivered,1582.7,2026-04-30,2026-05-07
574,123,delivered,1464.09,2025-12-10,2025-12-12
575,29,delivered,272.67,2025-04-28,2025-05-05
576,109,shipped,526.89,2026-01-27,
577,377,delivered,539.1,2026-06-17,2026-06-24
578,24,delivered,516.66,2026-03-29,2026-04-05
579,464,delivered,1029.18,2026-04-24,2026-04-26
580,410,delivered,641.31,2026-09-25,2026-09-27
581,206,delivered,728.69,2026-09-17,2026-09-24
582,89,delivered,1204.02,2025-12-12,2025-12-14
583,284,delivered,472.96,2026-03-05,2026-03-08
584,406,shipped,579.41,2026-02-21,
585,475,delivered,3106.85,2025-03-17,2025-03-24
586,106,delivered,1201.78,2026-08-25,2026-08-29
587,368,delivered,834.71,2026-04-21,2026-04-23
588,61,cancelled,249.18,2026-09-18,
589,442,delivered,575.31,2025-08-08,2025-08-14
590,107,shipped,169.05,2026-09-29,
591,433,cancelled,1757.87,2026-02-26,
592,146,delivered,1052.11,2025-07-03,2025-07-07
593,27,processing,1138.49,2026-02-26,
594,60,delivered,2343.51,2026-07-19,2026-07-22
595,118,delivered,331.01,2026-09-10,2026-09-14
596,446,delivered,539.1,2025-10-02,2025-10-05
597,249,delivered,468.81,2026-03-10,2026-03-15
598,199,delivered,455.9,2026-07-07,2026-07-12
599,172,delivered,170.41,2026-04-29,2026-05-06
600,57,shipped,2104.51,2025-12-16,
601,405,delivered,390.96,2026-05-26,2026-06-01
602,211,shipped,1046.44,2026-07-29,
603,377,shipped,1232.81,2026-09-24,
604,457,processing,371.77,2026-08-07,
605,21,cancelled,400.2,2026-01-29,
606,202,delivered,1158.86,2025-07-30,2025-08-06
607,124,delivered,1506.47,2026-05-14,2026-05-16
608,246,delivered,1445.98,2026-04-21,2026-04-24
609,208,delivered,1950.86,2025-10-27,2025-10-31
610,272,delivered,989.5,2026-09-11,2026-09-16
611,42,delivered,486.3,2025-06-05,2025-06-09
612,187,processing,403.2,2025-08-05,
613,239,delivered,990.39,2026-06-03,2026-06-07
614,364,delivered,1888.66,2025-09-27,2025-09-30
615,481,delivered,208.79,2026-09-22,2026-09-29
616,181,processing,1671.04,2026-09-23,
617,270,shipped,2107.3,2026-09-29,
618,485,delivered,596.39,2026-02-05,2026-02-07
619,460,delivered,68.36,2026-08-25,2026-08-27
620,58,delivered,384.08,2026-06-21,2026-06-26
621,151,delivered,299.68,2026-06-01,2026-06-08
622,378,delivered,1048.26,2026-03-09,2026-03-13
623,331,delivered,1125.83,2026-01-01,2026-01-07
624,357,delivered,1427.64,2026-02-02,2026-02-08
625,248,delivered,150.0,2026-05-11,2026-05-15
626,146,delivered,548.5,2026-05-11,2026-05-14
627,499,delivered,272.97,2026-08-19,2026-08-26
628,163,delivered,661.52,2026-05-11,2026-05-16
629,341,delivered,897.49,2026-03-25,2026-03-29
630,274,delivered,1005.47,2026-07-14,2026-07-16
631,280,cancelled,2411.55,2026-06-28,
632,342,delivered,528.76,2026-06-03,2026-06-09
633,283,delivered,1220.9,2026-07-30,2026-08-01
634,329,delivered,360.57,2025-09-11,2025-09-17
635,43,delivered,324.2,2025-12-11,2025-12-16
636,100,delivered,257.7,2026-05-31,2026-06-06
637,204,delivered,1078.24,2026-09-07,2026-09-12
638,158,cancelled,487.83,2026-07-10,
639,455,delivered,1421.04,2026-02-15,2026-02-20
640,307,delivered,1327.46,2026-09-09,2026-09-12
641,46,delivered,3424.04,2025-12-20,2025-12-27
642,387,processing,500.44,2025-12-19,
643,252,delivered,1006.7,2026-01-12,2026-01-16
644,406,delivered,2420.39,2026-05-03,2026-05-07
645,458,delivered,720.6,2026-09-12,2026-09-15
646,307,delivered,2086.38,2026-06-29,2026-07-05
647,192,delivered,129.77,2026-07-21,2026-07-27
648,298,delivered,2671.76,2026-07-09,2026-07-13
649,326,processing,2031.0,2026-02-03,
650,100,delivered,536.46,2026-01-29,2026-02-01
651,279,delivered,661.55,2026-06-02,2026-06-06
652,274,delivered,205.65,2026-09-23,2026-09-26
653,145,delivered,1113.49,2026-07-24,2026-07-29
654,408,processing,497.0,2026-09-26,
655,470,delivered,191.1,2026-08-17,2026-08-20
656,160,delivered,1060.34,2025-07-14,2025-07-17
657,382,shipped,2677.25,2025-09-19,
658,117,delivered,967.07,2026-08-12,2026-08-15
659,40,delivered,1417.02,2025-06-10,2025-06-15
660,241,delivered,257.04,2026-04-07,2026-04-11
661,342,delivered,105.75,2026-08-22,2026-08-24
662,301,processing,308.06,2025-08-06,
663,75,shipped,745.06,2026-01-21,
664,314,delivered,269.97,2026-08-26,2026-09-01
665,391,delivered,330.53,2026-06-11,2026-06-14
666,499,delivered,1108.81,2026-09-23,2026-09-26
667,428,delivered,705.56,2026-01-05,2026-01-10
668,57,delivered,1308.77,2026-09-12,2026-09-17
669,168,delivered,2598.78,2026-07-03,2026-07-08
670,116,delivered,840.68,2026-02-07,2026-02-11
671,252,delivered,1105.1,2025-10-02,2025-10-07
672,356,delivered,399.96,2026-05-06,2026-05-08
673,103,delivered,189.56,2026-01-23,2026-01-28
674,372,delivered,1558.59,2025-06-29,2025-07-06
675,309,cancelled,916.57,2026-06-08,
676,251,shipped,724.22,2026-09-26,
677,426,delivered,858.02,2025-11-15,2025-11-22
678,310,delivered,2294.96,2026-04-29,2026-05-02
679,393,delivered,1369.36,2026-05-18,2026-05-23
680,259,delivered,79.63,2026-02-18,2026-02-22
681,221,processing,403.2,2026-08-22,
682,162,shipped,3043.32,2024-12-05,
683,85,delivered,571.86,2026-09-17,2026-09-20
684,252,delivered,1072.6,2026-08-16,2026-08-23
685,303,cancelled,595.0,2026-02-15,
686,24,delivered,899.09,2026-06-26,2026-06-30
687,50,delivered,433.04,2026-01-06,2026-01-10
688,304,delivered,218.75,2026-05-23,2026-05-30
689,173,delivered,1536.89,2026-03-15,2026-03-21
690,462,delivered,1941.99,2026-07-11,2026-07-13
691,51,shipped,263.37,2025-08-19,
692,106,delivered,534.43,2026-09-07,2026-09-13
693,255,delivered,247.5,2026-03-11,2026-03-13
694,294,delivered,477.54,2026-09-09,2026-09-12
695,49,delivered,470.85,2026-08-09,2026-08-13
696,244,delivered,1088.26,2026-06-25,2026-06-29
697,259,shipped,1457.07,2026-07-19,
698,264,delivered,557.4,2026-03-22,2026-03-28
699,442,delivered,210.98,2026-06-08,2026-06-13
700,480,delivered,973.96,2025-11-13,2025-11-19
701,76,delivered,1205.77,2026-08-01,2026-08-08
702,434,delivered,590.42,2026-02-05,2026-02-09
703,208,delivered,560.42,2026-03-19,2026-03-22
704,249,delivered,1145.53,2026-09-02,2026-09-07
705,405,shipped,1461.22,2025-09-16,
706,401,delivered,796.44,2026-06-30,2026-07-02
707,337,processing,712.44,2026-03-05,
708,268,delivered,616.89,2025-09-11,2025-09-17
709,169,shipped,366.35,2025-12-26,
710,110,cancelled,1327.83,2026-07-06,
711,486,delivered,1203.73,2026-02-07,2026-02-13
712,189,shipped,425.7,2026-09-19,
713,18,shipped,263.37,2026-07-25,
714,123,delivered,327.6,2026-05-13,2026-05-18
715,444,delivered,1353.41,2026-08-10,2026-08-15
716,441,processing,1204.13,2026-07-15,
717,422,delivered,1425.0,2026-05-04,2026-05-09
718,134,delivered,1265.1,2025-12-04,2025-12-08
719,391,delivered,495.23,2026-07-03,2026-07-10
720,2,delivered,978.02,2026-07-30,2026-08-06
721,265,delivered,559.9,2026-07-23,2026-07-30
722,232,delivered,811.59,2025-01-31,2025-02-07
723,424,delivered,748.62,2026-06-15,2026-06-19
724,202,shipped,3424.5,2025-03-30,
725,321,delivered,799.67,2026-05-21,2026-05-23
726,308,delivered,1111.07,2026-02-09,2026-02-11
727,223,delivered,1158.89,2025-08-08,2025-08-13
728,254,delivered,1560.75,2026-05-19,2026-05-24
729,347,delivered,821.58,2025-11-30,2025-12-03
730,190,delivered,2703.38,2026-02-12,2026-02-19
731,109,delivered,1024.75,2026-08-06,2026-08-13
732,171,cancelled,1494.8,2026-07-04,
733,130,delivered,981.58,2026-08-21,2026-08-26
734,298,delivered,3118.48,2026-06-30,2026-07-03
735,73,delivered,248.86,2025-12-19,2025-12-23
736,447,cancelled,2121.56,2026-08-18,
737,425,delivered,2341.1,2026-03-29,2026-04-02
738,285,shipped,454.02,2026-08-16,
739,84,delivered,387.78,2026-09-23,2026-09-28
740,227,delivered,742.99,2025-11-07,2025-11-14
741,105,shipped,823.27,2026-06-27,
742,289,processing,292.23,2026-03-11,
743,93,delivered,706.53,2025-10-14,2025-10-16
744,455,delivered,589.24,2026-02-10,2026-02-14
745,303,processing,118.1,2026-08-21,
746,15,delivered,1012.21,2025-04-05,2025-04-12
747,336,delivered,762.61,2025-10-08,2025-10-13
748,145,delivered,580.02,2026-07-14,2026-07-16
749,196,delivered,314.73,2026-08-21,2026-08-25
750,11,shipped,391.82,2026-05-21,
751,332,delivered,506.92,2026-05-29,2026-06-05
752,377,shipped,811.16,2025-07-15,
753,427,delivered,1243.74,2026-03-07,2026-03-10
754,388,delivered,1325.81,2026-04-21,2026-04-25
755,21,delivered,587.57,2026-02-20,2026-02-25
756,477,delivered,66.0,2025-05-22,2025-05-29
757,224,delivered,722.74,2025-05-26,2025-05-31
758,219,delivered,328.5,2025-07-28,2025-07-30
759,56,delivered,404.22,2026-08-12,2026-08-17
760,369,delivered,769.18,2025-12-15,2025-12-19
761,380,delivered,513.62,2026-06-27,2026-06-30
762,449,delivered,2031.49,2025-11-23,2025-11-27
763,95,delivered,1123.59,2025-04-04,2025-04-10
764,203,delivered,4144.24,2025-12-31,2026-01-03
765,156,delivered,478.92,2025-11-18,2025-11-24
766,70,delivered,157.51,2026-04-12,2026-04-14
767,440,delivered,1474.81,2025-12-30,2026-01-04
768,440,delivered,1262.86,2025-11-18,2025-11-21
769,76,delivered,34.18,2026-07-23,2026-07-25
770,379,delivered,1791.26,2026-09-17,2026-09-22
771,27,delivered,3224.9,2025-08-02,2025-08-04
772,19,delivered,2284.27,2025-03-25,2025-03-30
773,284,delivered,3854.72,2026-07-28,2026-08-04
774,224,delivered,412.18,2026-02-19,2026-02-23
775,260,delivered,675.88,2026-06-14,2026-06-21
776,371,delivered,2617.12,2026-07-19,2026-07-24
777,384,delivered,296.85,2026-01-23,2026-01-28
778,252,delivered,3847.55,2025-09-29,2025-10-04
779,183,delivered,257.04,2026-08-31,2026-09-03
780,221,delivered,142.07,2026-08-10,2026-08-13
781,250,delivered,846.51,2026-07-12,2026-07-16
782,437,delivered,106.35,2026-03-21,2026-03-27
783,475,cancelled,1461.43,2025-10-19,
784,260,delivered,101.44,2026-04-20,2026-04-27
785,81,delivered,771.65,2026-07-23,2026-07-30
786,172,shipped,104.06,2025-12-27,
787,497,delivered,455.84,2026-09-16,2026-09-18
788,88,delivered,753.69,2026-07-24,2026-07-28
789,71,shipped,720.39,2025-11-25,
790,395,delivered,500.12,2026-07-27,2026-08-02
791,162,delivered,2611.35,2026-05-04,2026-05-07
792,30,cancelled,2132.94,2026-03-10,
793,370,delivered,511.23,2026-08-05,2026-08-09
794,313,processing,2647.07,2026-07-13,
795,358,delivered,2351.7,2026-07-12,2026-07-19
796,372,delivered,1342.25,2025-07-27,2025-07-30
797,175,delivered,634.23,2026-09-08,2026-09-11
798,304,delivered,959.16,2026-06-29,2026-07-03
799,182,shipped,521.66,2026-09-30,
800,294,delivered,755.88,2026-08-14,2026-08-19
801,341,delivered,478.77,2026-04-01,2026-04-07
802,402,shipped,1041.15,2025-12-18,
803,127,delivered,346.48,2026-09-05,2026-09-11
804,76,delivered,147.7,2026-07-31,2026-08-05
805,218,processing,2035.84,2025-03-13,
806,287,delivered,2230.49,2025-11-26,2025-12-01
807,477,cancelled,1275.93,2026-06-09,
808,496,delivered,850.94,2026-05-06,2026-05-12
809,234,delivered,490.55,2026-09-17,2026-09-24
810,437,delivered,576.44,2025-09-21,2025-09-23
811,191,delivered,1369.55,2026-08-26,2026-08-30
812,216,delivered,637.24,2026-08-31,2026-09-04
813,281,delivered,2793.14,2026-09-06,2026-09-08
814,428,delivered,444.54,2026-07-24,2026-07-30
815,236,delivered,1459.12,2026-08-21,2026-08-28
816,199,delivered,1013.84,2025-12-31,2026-01-05
817,331,delivered,505.65,2026-04-29,2026-05-02
818,408,delivered,1385.64,2026-07-28,2026-08-01
819,44,delivered,470.85,2025-11-03,2025-11-09
820,97,delivered,461.31,2025-12-02,2025-12-08
821,480,delivered,396.11,2026-04-14,2026-04-16
822,414,delivered,1501.55,2026-06-27,2026-07-01
823,13,shipped,694.47,2026-05-27,
824,87,delivered,1222.43,2026-08-10,2026-08-13
825,87,delivered,750.92,2026-07-18,2026-07-22
826,200,delivered,807.37,2025-03-07,2025-03-10
827,301,delivered,1662.47,2026-03-03,2026-03-09
828,248,delivered,661.05,2025-06-11,2025-06-18
829,346,delivered,1576.76,2026-02-06,2026-02-12
830,43,shipped,691.68,2026-05-27,
831,401,delivered,735.86,2026-09-11,2026-09-16
832,31,cancelled,2067.59,2025-10-04,
833,300,shipped,1144.92,2026-09-15,
834,154,delivered,205.65,2025-11-14,2025-11-21
835,285,cancelled,3043.59,2026-06-08,
836,386,delivered,210.76,2026-08-03,2026-08-07
837,236,cancelled,2494.79,2026-08-25,
838,244,delivered,3011.82,2026-05-14,2026-05-16
839,251,delivered,1632.39,2026-09-22,2026-09-28
840,40,delivered,1002.52,2025-10-05,2025-10-12
841,430,delivered,417.86,2025-12-23,2025-12-30
842,190,cancelled,1449.68,2026-04-07,
843,99,delivered,663.62,2026-04-23,2026-04-29
844,144,delivered,352.67,2026-04-23,2026-04-30
845,57,shipped,1608.27,2026-05-19,
846,309,delivered,316.2,2026-04-02,2026-04-04
847,478,delivered,1436.07,2026-03-17,2026-03-20
848,315,delivered,1658.75,2026-08-18,2026-08-24
849,433,cancelled,973.22,2026-06-23,
850,265,delivered,586.31,2026-06-29,2026-07-06
851,230,delivered,630.21,2026-09-12,2026-09-17
852,378,delivered,845.15,2026-05-03,2026-05-10
853,321,delivered,1012.65,2026-07-10,2026-07-15
854,123,cancelled,352.32,2026-01-28,
855,407,delivered,782.25,2026-09-14,2026-09-16
856,470,delivered,124.43,2026-07-05,2026-07-09
857,471,shipped,1894.29,2025-05-31,
858,321,delivered,142.07,2025-10-29,2025-10-31
859,151,shipped,1323.96,2026-08-18,
860,6,delivered,2225.81,2026-08-15,2026-08-20
861,169,delivered,375.9,2026-06-04,2026-06-06
862,366,delivered,387.6,2026-04-15,2026-04-18
863,216,delivered,621.84,2026-09-20,2026-09-26
864,224,delivered,801.82,2026-06-29,2026-07-06
865,159,delivered,1128.26,2025-09-18,2025-09-22
866,30,delivered,266.8,2026-02-01,2026-02-07
867,101,cancelled,414.19,2026-04-27,
868,244,delivered,982.32,2026-08-05,2026-08-10
869,169,delivered,387.78,2025-10-06,2025-10-11
870,472,delivered,1330.17,2025-12-18,2025-12-21
871,247,shipped,348.23,2026-09-28,
872,16,delivered,870.47,2026-07-27,2026-07-30
873,500,delivered,640.22,2026-03-04,2026-03-07
874,434,delivered,1042.17,2025-08-03,2025-08-06
875,11,shipped,173.52,2026-05-14,
876,480,delivered,560.7,2026-08-10,2026-08-15
877,482,delivered,1010.61,2025-08-05,2025-08-11
878,194,delivered,2387.7,2026-07-13,2026-07-17
879,151,delivered,420.03,2026-06-22,2026-06-26
880,436,delivered,2945.85,2026-01-20,2026-01-26
881,261,delivered,824.19,2026-07-23,2026-07-30
882,192,delivered,1304.11,2026-07-02,2026-07-07
883,107,delivered,1189.2,2026-06-28,2026-07-01
884,479,shipped,1639.38,2026-09-02,
885,266,delivered,2037.99,2025-09-29,2025-10-05
886,319,delivered,1688.61,2026-08-04,2026-08-09
887,92,delivered,195.0,2026-04-28,2026-05-02
888,151,shipped,243.88,2026-03-09,
889,51,delivered,163.39,2025-03-18,2025-03-22
890,171,delivered,2202.77,2026-09-12,2026-09-16
891,362,delivered,596.76,2026-02-14,2026-02-17
892,485,delivered,539.1,2026-07-21,2026-07-27
893,263,cancelled,310.24,2026-02-22,
894,384,delivered,1354.24,2026-03-08,2026-03-11
895,214,delivered,212.22,2026-03-03,2026-03-08
896,296,shipped,1546.92,2026-05-24,
897,116,delivered,784.05,2026-04-10,2026-04-17
898,291,delivered,684.03,2026-03-05,2026-03-08
899,468,delivered,822.28,2026-08-15,2026-08-20
900,169,delivered,1116.12,2025-10-26,2025-10-31
901,17,shipped,958.08,2026-07-21,
902,150,delivered,866.16,2026-04-30,2026-05-02
903,81,cancelled,1693.03,2025-07-07,
904,36,delivered,1571.92,2026-06-23,2026-06-26
905,341,delivered,1314.93,2025-11-30,2025-12-06
906,142,delivered,1206.83,2025-11-20,2025-11-23
907,236,delivered,464.4,2026-09-16,2026-09-18
908,452,processing,996.15,2025-09-13,
909,213,delivered,1671.51,2026-04-04,2026-04-10
910,358,cancelled,1488.03,2026-09-29,
911,150,delivered,1332.36,2026-08-11,2026-08-13
912,189,delivered,826.65,2026-05-20,2026-05-22
913,23,delivered,432.17,2026-08-04,2026-08-06
914,129,delivered,857.7,2026-06-13,2026-06-16
915,43,delivered,1001.93,2026-04-06,2026-04-09
916,91,delivered,1136.38,2026-09-04,2026-09-10
917,226,delivered,277.65,2026-08-29,2026-09-01
918,111,delivered,121.77,2026-09-22,2026-09-24
919,158,delivered,75.08,2026-07-07,2026-07-13
920,393,delivered,380.61,2026-08-22,2026-08-25
921,8,delivered,125.24,2026-02-24,2026-02-27
922,409,shipped,198.15,2026-09-29,
923,263,delivered,927.71,2025-09-25,2025-09-29
924,203,cancelled,94.78,2026-06-29,
925,55,delivered,270.03,2026-04-27,2026-04-30
926,162,delivered,1236.89,2025-07-12,2025-07-15
927,35,processing,3219.44,2026-06-22,
928,88,delivered,904.47,2026-09-06,2026-09-08
929,171,delivered,1322.67,2026-07-14,2026-07-21
930,467,delivered,767.36,2026-05-26,2026-05-31
931,120,delivered,1170.96,2026-01-23,2026-01-25
932,31,delivered,319.27,2025-12-12,2025-12-17
933,122,processing,1375.51,2025-06-20,
934,406,cancelled,844.11,2026-01-18,
935,125,delivered,643.12,2025-11-20,2025-11-22
936,312,shipped,587.73,2026-01-21,
937,36,cancelled,610.97,2026-02-17,
938,481,delivered,353.9,2026-05-15,2026-05-17
939,260,shipped,1078.93,2026-09-26,
940,128,delivered,2050.35,2025-11-30,2025-12-06
941,86,delivered,2241.22,2025-04-10,2025-04-15
942,305,delivered,502.74,2026-02-12,2026-02-18
943,233,delivered,1143.9,2025-10-05,2025-10-11
944,3,delivered,1544.19,2026-04-17,2026-04-23
945,197,delivered,72.34,2026-03-26,2026-04-02
946,472,delivered,283.02,2025-06-05,2025-06-11
947,395,processing,2585.89,2026-07-17,
948,357,delivered,1147.55,2026-07-28,2026-08-02
949,347,delivered,576.79,2026-04-30,2026-05-07
950,76,delivered,1378.49,2026-08-20,2026-08-26
951,365,processing,1222.96,2026-05-28,
952,130,delivered,1653.16,2025-06-15,2025-06-21
953,294,delivered,575.17,2026-03-21,2026-03-25
954,204,delivered,248.24,2026-06-18,2026-06-20
955,397,delivered,965.38,2025-11-25,2025-12-01
956,361,delivered,404.22,2026-01-08,2026-01-13
957,417,delivered,143.27,2025-07-30,2025-08-02
958,415,delivered,1874.43,2026-07-10,2026-07-14
959,44,delivered,87.24,2026-08-23,2026-08-27
960,300,delivered,141.66,2026-09-19,2026-09-24
961,137,delivered,171.72,2026-02-20,2026-02-22
962,268,delivered,849.92,2026-04-30,2026-05-05
963,173,delivered,715.93,2026-06-07,2026-06-11
964,30,cancelled,1029.87,2026-05-30,
965,428,processing,570.45,2025-09-07,
966,144,cancelled,2086.77,2025-05-28,
967,338,shipped,720.6,2026-04-12,
968,448,delivered,728.01,2026-03-14,2026-03-21
969,379,delivered,1001.68,2026-09-19,2026-09-21
970,198,delivered,1201.41,2026-03-30,2026-04-02
971,17,delivered,1158.56,2026-07-21,2026-07-23
972,247,delivered,1147.32,2026-09-28,2026-10-01
973,46,delivered,484.9,2025-12-01,2025-12-08
974,463,delivered,727.96,2025-10-06,2025-10-10
975,488,processing,128.85,2026-03-31,
976,473,delivered,3646.22,2025-04-10,2025-04-17
977,176,delivered,1376.2,2026-05-06,2026-05-13
978,149,delivered,818.46,2026-02-22,2026-02-24
979,189,delivered,2130.87,2026-03-13,2026-03-17
980,434,delivered,794.88,2026-01-06,2026-01-11
981,309,delivered,1358.69,2026-04-19,2026-04-21
982,349,delivered,754.82,2026-05-28,2026-06-03
983,164,delivered,731.64,2025-06-17,2025-06-24
984,294,delivered,611.87,2026-07-06,2026-07-09
985,435,delivered,215.73,2026-03-24,2026-03-27
986,439,delivered,1575.22,2026-04-04,2026-04-09
987,217,delivered,2940.48,2026-07-28,2026-08-01
988,359,shipped,1220.57,2026-09-22,
989,235,delivered,522.78,2026-07-24,2026-07-30
990,460,delivered,1418.76,2026-05-22,2026-05-25
991,372,shipped,110.23,2025-10-08,
992,193,cancelled,816.6,2026-08-28,
993,61,cancelled,2387.42,2026-09-20,
994,126,delivered,2508.41,2026-01-07,2026-01-10
995,398,delivered,310.64,2025-08-03,2025-08-10
996,443,shipped,754.59,2026-08-20,
997,43,delivered,1751.94,2025-12-13,2025-12-20
998,246,delivered,160.56,21/06/2026,2026-06-28
999,197,delivered,1011.19,2025-06-18,2025-06-25
1000,95,delivered,883.86,2026-06-05,2026-06-12
1001,419,delivered,924.96,2026-04-29,2026-05-05
1002,495,delivered,1387.4,2026-06-28,2026-06-30
1003,285,delivered,37.79,2026-08-05,2026-08-09
1004,295,delivered,284.14,2026-01-18,2026-01-21
1005,436,delivered,187.14,2026-03-04,2026-03-06
1006,187,cancelled,286.0,2026-04-18,
1007,154,delivered,867.9,2026-01-02,2026-01-08
1008,356,delivered,353.36,2026-01-12,2026-01-16
1009,122,delivered,1278.04,2026-06-27,2026-06-30
1010,184,delivered,1276.69,2025-06-06,2025-06-13
1011,234,delivered,1584.18,2025-11-10,2025-11-14
1012,325,delivered,990.6,2025-09-07,2025-09-10
1013,215,shipped,2154.76,2026-09-28,
1014,139,delivered,716.08,2026-09-15,2026-09-17
1015,445,delivered,179.98,2026-02-19,2026-02-23
1016,497,delivered,422.28,2026-08-15,2026-08-17
1017,373,shipped,2191.51,2026-05-28,
1018,312,delivered,292.53,2025-05-16,2025-05-18
1019,177,shipped,1339.83,2025-09-21,
1020,80,delivered,2187.44,2025-09-11,2025-09-14
1021,399,delivered,1604.53,2026-05-31,2026-06-06
1022,142,cancelled,1440.69,2024-12-15,
1023,209,delivered,441.42,2025-12-27,2025-12-29
1024,123,cancelled,448.06,2026-04-13,
1025,147,delivered,400.2,2026-02-11,2026-02-16
1026,261,cancelled,694.8,2026-05-31,
1027,347,processing,272.67,2026-07-31,
1028,316,delivered,497.72,2026-09-21,2026-09-28
1029,360,delivered,406.2,2025-12-26,2025-12-30
1030,312,delivered,357.28,2025-06-14,2025-06-19
1031,90,delivered,1198.54,2026-04-22,2026-04-25
1032,497,delivered,504.78,2026-08-24,2026-08-31
1033,154,delivered,1392.45,2026-06-18,2026-06-22
1034,202,delivered,404.22,2025-07-09,2025-07-13
1035,435,delivered,366.38,2026-03-29,2026-04-02
1036,169,delivered,269.55,2026-06-12,2026-06-14
1037,96,delivered,1175.56,2026-09-20,2026-09-22
1038,102,delivered,546.97,2026-09-01,2026-09-07
1039,80,delivered,780.98,2025-09-04,2025-09-08
1040,187,delivered,854.54,2026-01-21,2026-01-24
1041,182,delivered,914.67,2026-09-29,2026-10-01
1042,69,delivered,1057.33,2026-02-01,2026-02-08
1043,137,delivered,2026.44,2025-10-25,2025-10-30
1044,432,shipped,274.12,2025-05-31,
1045,80,delivered,510.04,2025-11-15,2025-11-17
1046,500,delivered,503.0,2026-08-05,2026-08-07
1047,79,delivered,550.73,2026-08-13,2026-08-16
1048,359,delivered,416.11,2026-08-29,2026-09-03
1049,374,delivered,612.13,2026-01-23,2026-01-26
1050,118,delivered,243.88,2026-07-28,2026-08-02
1051,476,delivered,584.98,2025-04-09,2025-04-11
1052,269,delivered,380.14,2026-09-01,2026-09-08
1053,32,delivered,631.43,2025-12-21,2025-12-28
1054,138,delivered,969.42,2026-09-12,2026-09-16
1055,382,delivered,1810.55,2026-09-10,2026-09-14
1056,172,delivered,407.16,2026-01-19,2026-01-21
1057,395,shipped,552.21,2026-08-24,
1058,191,delivered,264.34,2025-07-30,2025-08-03
1059,67,delivered,113.37,2026-06-17,2026-06-23
1060,496,processing,230.11,2026-09-28,
1061,39,cancelled,1311.98,2026-01-03,
1062,79,delivered,2322.88,2026-08-14,2026-08-17
1063,323,delivered,1215.12,2026-08-18,2026-08-23
1064,269,cancelled,102.54,2026-07-23,
1065,141,delivered,893.65,2026-07-24,2026-07-27
1066,418,delivered,68.36,2026-05-16,2026-05-23
1067,385,delivered,444.57,2026-06-29,2026-07-05
1068,112,delivered,2418.04,2026-07-11,2026-07-13
1069,363,delivered,642.36,2025-11-21,2025-11-23
1070,150,delivered,1623.77,2026-04-24,2026-04-27
1071,274,delivered,715.13,2026-07-08,2026-07-15
1072,453,delivered,431.86,2025-10-03,2025-10-10
1073,30,delivered,485.95,2026-08-28,2026-08-30
1074,276,delivered,442.26,2026-08-21,2026-08-27
1075,353,delivered,1154.9,2026-06-07,2026-06-14
1076,113,delivered,1184.55,2026-02-08,2026-02-11
1077,462,delivered,243.51,2025-05-03,2025-05-08
1078,292,delivered,242.98,2026-01-10,2026-01-17
1079,84,processing,717.1,2026-09-21,
1080,233,processing,1463.83,2026-08-23,
1081,194,delivered,238.89,2026-07-07,2026-07-09
1082,479,delivered,145.36,2026-09-16,2026-09-19
1083,481,delivered,744.78,2025-11-07,2025-11-09
1084,377,shipped,52.03,2026-06-16,
1085,246,delivered,508.56,2026-02-19,2026-02-24
1086,125,delivered,483.13,2026-09-09,2026-09-16
1087,279,delivered,1035.56,2026-05-03,2026-05-09
1088,181,delivered,461.5,2026-09-02,2026-09-05
1089,490,cancelled,630.96,2026-08-01,
1090,459,delivered,2183.26,2026-09-13,2026-09-16
1091,93,delivered,1140.14,2026-08-27,2026-08-30
1092,339,delivered,133.65,2026-09-17,2026-09-21
1093,399,shipped,643.43,2026-09-30,
1094,418,delivered,683.89,2026-09-10,2026-09-16
1095,181,delivered,2799.12,2026-09-26,2026-10-01
1096,197,delivered,824.17,2025-06-16,2025-06-21
1097,270,delivered,515.26,2026-05-30,2026-06-06
1098,2,delivered,1877.9,2026-09-14,2026-09-16
1099,185,shipped,1106.56,2026-08-12,
1100,498,cancelled,1341.7,2025-07-13,
1101,361,delivered,315.02,2026-04-09,2026-04-16
1102,191,delivered,286.65,2025-10-29,2025-10-31
1103,446,delivered,644.11,2026-04-10,2026-04-13
1104,426,shipped,828.11,2026-09-20,
1105,72,delivered,1139.7,2026-01-24,2026-01-31
1106,356,delivered,1530.59,2025-11-05,2025-11-07
1107,385,delivered,421.58,2026-07-06,2026-07-09
1108,349,cancelled,1483.68,2025-08-17,
1109,217,cancelled,941.65,2026-08-13,
1110,206,delivered,760.56,2026-09-17,2026-09-20
1111,161,delivered,779.49,2025-11-12,2025-11-17
1112,54,delivered,648.5,2026-04-29,2026-05-05
1113,34,delivered,585.42,2026-07-17,2026-07-19
1114,138,delivered,260.6,2026-09-21,2026-09-27
1115,24,delivered,944.73,2026-07-13,2026-07-15
1116,100,delivered,505.15,2026-09-17,2026-09-22
1117,460,delivered,1061.2,2026-08-22,2026-08-24
1118,301,shipped,33.0,2025-09-18,
1119,78,delivered,159.18,2024-12-19,2024-12-21
1120,453,delivered,667.7,2026-02-10,2026-02-17
1121,265,cancelled,1056.49,2026-08-08,
1122,439,cancelled,746.58,2026-04-14,
1123,199,delivered,401.79,2026-03-07,2026-03-13
1124,322,cancelled,125.3,2026-05-09,
1125,393,shipped,136.05,2026-02-13,
1126,233,delivered,798.23,2026-03-03,2026-03-07
1127,181,delivered,773.2,2026-09-12,2026-09-15
1128,498,delivered,806.77,2025-12-10,2025-12-12
1129,226,delivered,1446.06,2026-07-31,2026-08-06
1130,135,shipped,373.77,2026-06-28,
1131,30,delivered,133.93,2026-07-03,2026-07-06
1132,149,delivered,1119.76,2026-05-11,2026-05-17
1133,240,delivered,250.06,2026-04-28,2026-05-03
1134,375,delivered,754.3,2026-08-10,2026-08-15
1135,109,delivered,340.82,2025-11-11,2025-11-16
1136,20,delivered,707.35,2026-08-08,2026-08-13
1137,17,cancelled,865.63,2026-08-27,
1138,488,delivered,1286.23,2025-06-14,2025-06-19
1139,141,delivered,1814.56,2026-07-17,2026-07-21
1140,459,processing,358.21,2026-08-20,
1141,247,shipped,2108.06,2026-09-26,
1142,293,delivered,830.79,2026-06-13,2026-06-15
1143,316,delivered,550.14,2026-08-14,2026-08-21
1144,59,delivered,1034.18,2026-08-07,2026-08-14
1145,328,cancelled,305.44,2026-05-30,
1146,382,cancelled,1083.4,2026-09-03,
1147,108,cancelled,232.32,2026-01-27,
1148,9,delivered,149.88,2026-03-06,2026-03-10
1149,333,cancelled,989.28,2026-04-16,
1150,235,delivered,1444.28,2025-04-25,2025-04-28
1151,433,delivered,861.04,2026-04-15,2026-04-22
1152,333,delivered,408.15,2026-05-28,2026-06-02
1153,385,delivered,1221.94,2026-06-29,2026-07-05
1154,258,delivered,2026.81,2026-05-20,2026-05-22
1155,59,delivered,179.7,2026-03-30,2026-04-04
1156,212,processing,1213.78,2026-01-02,
1157,158,shipped,504.57,2026-08-14,
1158,405,delivered,919.44,2025-11-02,2025-11-08
1159,499,delivered,1502.14,2026-09-05,2026-09-11
1160,207,processing,882.02,2025-06-07,
1161,411,delivered,573.72,2026-03-03,2026-03-05
1162,48,delivered,1008.0,2025-09-30,2025-10-02
1163,472,cancelled,1309.67,2025-08-17,
1164,96,delivered,424.8,2026-03-05,2026-03-08
1165,338,delivered,1252.17,2026-06-09,2026-06-11
1166,444,delivered,248.26,2026-05-20,2026-05-25
1167,145,delivered,294.28,2026-09-09,2026-09-12
1168,433,delivered,1407.93,2026-05-06,2026-05-09
1169,108,delivered,2012.28,2026-05-13,2026-05-18
1170,463,delivered,307.54,2026-06-12,2026-06-18
1171,178,delivered,756.39,2026-08-15,2026-08-21
1172,380,delivered,638.31,2026-02-18,2026-02-20
1173,266,delivered,553.45,2025-06-15,2025-06-18
1174,168,delivered,534.6,2026-02-26,2026-02-28
1175,489,delivered,2311.7,2025-07-10,2025-07-17
1176,473,delivered,642.1,2025-06-25,2025-06-28
1177,53,delivered,464.64,2025-07-21,2025-07-27
1178,217,delivered,1940.5,2026-07-20,2026-07-24
1179,291,delivered,579.43,2026-06-01,2026-06-08
1180,456,delivered,2964.27,2026-04-02,2026-04-08
1181,181,delivered,415.98,2026-09-04,2026-09-06
1182,126,delivered,654.76,2026-05-10,2026-05-17
1183,164,shipped,1557.24,2026-09-29,
1184,34,shipped,819.67,2026-09-30,
1185,143,delivered,505.65,2026-09-11,2026-09-18
1186,216,delivered,488.26,2026-09-15,2026-09-20
1187,141,delivered,1689.97,2026-09-22,2026-09-24
1188,146,delivered,269.48,2025-05-22,2025-05-28
1189,68,shipped,1784.67,2026-04-08,
1190,241,delivered,780.29,2026-06-17,2026-06-22
1191,285,delivered,589.24,2026-08-28,2026-09-02
1192,357,cancelled,1007.62,2026-03-14,
1193,423,delivered,815.26,2026-04-22,2026-04-24
1194,98,delivered,87.79,2026-08-22,2026-08-26
1195,133,processing,25.86,2026-06-04,
1196,485,delivered,714.87,2025-12-16,2025-12-20
1197,474,delivered,248.86,2026-06-21,2026-06-26
1198,442,delivered,1772.63,2026-06-08,2026-06-14
1199,245,delivered,1367.3,2026-07-04,2026-07-08
1200,393,delivered,2863.76,2025-09-05,2025-09-07
1201,356,delivered,203.53,2026-01-07,2026-01-12
1202,344,delivered,330.23,2026-09-20,2026-09-25
1203,417,delivered,2863.27,2025-10-28,2025-11-03
1204,435,delivered,876.24,2026-01-02,2026-01-05
1205,263,delivered,475.35,2026-06-13,2026-06-18
1206,352,delivered,150.0,2026-07-27,2026-08-02
1207,449,delivered,387.13,2026-05-25,2026-05-27
1208,15,delivered,697.99,2025-12-05,2025-12-11
1209,78,delivered,555.1,2026-05-06,2026-05-11
1210,333,delivered,1406.93,2026-05-20,2026-05-25
1211,305,delivered,2289.28,2026-01-24,2026-01-30
1212,113,delivered,555.07,2026-06-01,2026-06-03
1213,452,delivered,1409.47,2026-05-11,2026-05-18
1214,88,delivered,591.93,2026-04-16,2026-04-20
1215,95,delivered,918.79,2025-11-26,2025-12-03
1216,86,delivered,508.3,2026-01-17,2026-01-22
1217,172,delivered,536.73,2026-02-05,2026-02-09
1218,390,shipped,524.16,2026-05-25,
1219,57,delivered,528.31,2025-11-03,2025-11-05
1220,52,delivered,2163.63,2026-09-12,2026-09-19
1221,340,delivered,4378.57,2026-08-04,2026-08-08
1222,248,delivered,150.0,2026-05-28,2026-06-04
1223,439,delivered,1248.78,2026-09-01,2026-09-04
1224,499,delivered,123.76,2026-07-07,2026-07-10
1225,328,delivered,1368.59,2026-04-16,2026-04-20
1226,214,cancelled,1974.54,2026-05-05,
1227,176,shipped,1175.56,2025-12-31,
1228,291,cancelled,528.84,2026-05-07,
1229,239,delivered,2578.38,2026-03-05,2026-03-11
1230,148,delivered,164.2,2026-04-22,2026-04-26
1231,112,delivered,289.58,2025-10-28,2025-11-03
1232,157,delivered,75.08,2026-09-11,2026-09-15
1233,71,delivered,689.18,2026-08-30,2026-09-03
1234,376,delivered,33.0,2025-09-04,2025-09-10
1235,17,delivered,317.22,2026-09-27,2026-10-01
1236,205,cancelled,259.54,2025-06-24,
1237,306,delivered,841.9,2026-02-06,2026-02-12
1238,214,delivered,1420.41,2026-03-27,2026-03-31
1239,94,delivered,205.65,2026-04-17,2026-04-22
1240,227,delivered,1865.36,2026-07-14,2026-07-20
1241,237,delivered,380.32,2026-09-21,2026-09-27
1242,46,delivered,786.18,2025-07-25,2025-07-31
1243,279,processing,1393.45,2026-05-22,
1244,4,delivered,997.93,2026-02-26,2026-03-04
1245,50,shipped,1538.19,2025-08-02,
1246,379,delivered,905.34,2026-07-24,2026-07-31
1247,496,delivered,1595.29,2026-07-03,2026-07-06
1248,480,delivered,570.2,2025-10-10,2025-10-15
1249,310,shipped,162.0,2026-08-30,
1250,54,delivered,1031.06,2026-05-06,2026-05-12
1251,431,shipped,1043.35,2025-01-06,
1252,222,delivered,538.62,2026-03-24,2026-03-26
1253,88,delivered,385.22,2026-03-09,2026-03-16
1254,342,delivered,1451.99,2026-07-03,2026-07-09
1255,214,shipped,473.36,2026-02-01,
1256,289,delivered,2071.6,2025-08-06,2025-08-12
1257,22,processing,1625.55,2026-09-01,
1258,82,delivered,482.25,2026-09-05,2026-09-11
1259,263,delivered,410.73,2025-09-30,2025-10-07
1260,174,delivered,2206.15,2025-06-10,2025-06-13
1261,248,delivered,2665.23,2026-02-17,2026-02-22
1262,270,delivered,1498.74,2026-05-20,2026-05-27
1263,35,delivered,456.06,2025-09-04,2025-09-11
1264,256,cancelled,882.43,2026-07-23,
1265,373,processing,950.49,2025-06-26,
1266,227,delivered,281.52,2026-07-10,2026-07-16
1267,56,delivered,313.69,2026-08-12,2026-08-17
1268,101,delivered,548.89,2025-03-12,2025-03-17
1269,415,delivered,391.35,2025-10-10,2025-10-12
1270,50,delivered,71.68,2026-01-31,2026-02-03
1271,291,delivered,884.1,2025-10-21,2025-10-23
1272,255,delivered,1038.55,2025-07-22,2025-07-25
1273,219,delivered,373.29,2026-09-03,2026-09-05
1274,153,delivered,1507.29,2026-09-23,2026-09-28
1275,12,delivered,536.94,2025-01-16,2025-01-20
1276,39,delivered,710.4,2025-10-28,2025-10-31
1277,299,delivered,371.76,2025-10-20,2025-10-24
1278,216,delivered,68.55,2026-09-14,2026-09-18
1279,281,shipped,420.01,2026-08-29,
1280,413,cancelled,52.78,2026-04-28,
1281,487,delivered,285.4,2026-08-31,2026-09-07
1282,485,delivered,136.29,2026-02-17,2026-02-24
1283,255,delivered,1314.76,2026-02-10,2026-02-17
1284,14,delivered,1211.38,2026-05-26,2026-05-29
1285,393,delivered,771.81,2025-06-18,2025-06-21
1286,463,delivered,755.84,2025-05-07,2025-05-10
1287,6,delivered,375.9,2026-06-02,2026-06-09
1288,128,shipped,66.6,2025-05-24,
1289,225,delivered,333.85,2026-06-24,2026-06-26
1290,311,delivered,152.6,2026-08-09,2026-08-16
1291,40,delivered,1376.04,2026-01-14,2026-01-20
1292,460,processing,705.48,2026-08-31,
1293,400,delivered,1099.76,2026-08-17,2026-08-24
1294,278,delivered,1201.58,2026-08-29,2026-08-31
1295,105,processing,745.32,2026-03-05,
1296,63,delivered,91.56,2026-05-12,2026-05-15
1297,226,delivered,613.16,2026-07-28,2026-08-02
1298,429,delivered,1259.5,2026-08-22,2026-08-26
1299,442,delivered,177.62,2026-01-13,2026-01-18
1300,195,delivered,92.66,2026-08-02,2026-08-07
1301,17,delivered,284.6,2026-09-07,2026-09-11
1302,473,shipped,899.42,2025-08-22,
1303,425,delivered,744.78,2026-06-27,2026-07-02
1304,199,cancelled,1311.96,2026-07-12,
1305,394,delivered,1229.55,2025-04-12,2025-04-15
1306,44,cancelled,992.06,2025-05-10,
1307,186,delivered,417.86,2026-09-13,2026-09-17
1308,292,delivered,373.36,2026-07-21,2026-07-25
1309,5,delivered,2860.43,2026-07-25,2026-07-29
1310,460,delivered,205.42,2026-08-31,2026-09-04
1311,133,delivered,1320.92,2025-12-24,2025-12-28
1312,447,delivered,450.23,2026-07-05,2026-07-07
1313,351,delivered,658.03,2026-02-07,2026-02-12
1314,133,cancelled,220.46,2026-09-12,
1315,277,delivered,834.63,2026-02-15,2026-02-21
1316,228,delivered,575.58,2026-07-10,2026-07-12
1317,425,shipped,1108.54,2026-04-05,
1318,404,delivered,2119.73,2026-03-28,2026-04-02
1319,23,delivered,744.78,2026-08-07,2026-08-10
1320,109,shipped,645.4,2026-08-16,
1321,77,delivered,147.14,2026-05-11,2026-05-18
1322,290,delivered,2639.47,2026-07-10,2026-07-16
1323,269,delivered,1196.75,2026-07-31,2026-08-04
1324,410,delivered,972.3,2026-09-04,2026-09-08
1325,355,shipped,1020.44,2026-09-29,
1326,248,delivered,872.68,2025-12-08,2025-12-13
1327,341,shipped,1354.18,2026-09-29,
1328,259,cancelled,665.21,2026-02-01,
1329,215,delivered,767.48,2026-08-17,2026-08-23
1330,38,delivered,1107.89,2026-08-14,2026-08-20
1331,151,delivered,147.42,2026-04-08,2026-04-12
1332,38,delivered,1831.65,2026-06-11,2026-06-15
1333,69,delivered,56.35,2025-06-17,2025-06-24
1334,304,delivered,2154.14,2026-07-19,2026-07-26
1335,484,delivered,1537.68,2026-06-07,2026-06-10
1336,297,delivered,420.73,2025-02-22,2025-02-27
1337,417,cancelled,1601.44,2026-03-18,
1338,451,delivered,476.98,2026-08-12,2026-08-14
1339,225,delivered,543.48,2026-06-21,2026-06-24
1340,143,delivered,1820.79,2026-09-11,2026-09-14
1341,276,delivered,1245.16,2026-09-10,2026-09-12
1342,267,delivered,556.92,27/06/2026,2026-07-02
1343,253,delivered,1661.7,2026-03-16,2026-03-19
1344,407,delivered,1043.72,2026-07-23,2026-07-25
1345,377,delivered,2859.64,2026-08-20,2026-08-22
1346,98,shipped,1832.91,2026-07-29,
1347,5,delivered,638.04,2026-08-30,2026-09-05
1348,376,delivered,2493.39,2026-02-04,2026-02-07
1349,384,delivered,343.77,2025-09-15,2025-09-20
1350,313,delivered,1591.47,2026-08-22,2026-08-25
1351,135,delivered,366.31,2026-06-08,2026-06-15
1352,337,cancelled,910.19,2026-08-30,
1353,201,delivered,1922.34,2025-07-13,2025-07-19
1354,127,delivered,505.25,2026-08-09,2026-08-11
1355,178,delivered,2254.14,2026-06-22,2026-06-29
1356,211,delivered,872.12,2026-03-22,2026-03-24
1357,396,delivered,1135.04,2025-01-01,2025-01-08
1358,468,delivered,1286.77,2026-06-27,2026-07-02
1359,230,delivered,203.06,2026-05-26,2026-06-01
1360,486,cancelled,611.88,2026-02-04,
1361,411,delivered,817.59,2026-03-06,2026-03-13
1362,266,delivered,656.6,2025-06-18,2025-06-24
1363,118,delivered,882.85,2026-09-11,2026-09-14
1364,482,delivered,326.64,2026-03-03,2026-03-05
1365,406,delivered,2687.04,2026-01-05,2026-01-08
1366,18,delivered,414.25,2025-09-01,2025-09-03
1367,259,delivered,1477.58,2026-03-09,2026-03-16
1368,302,delivered,811.9,2025-03-17,2025-03-20
1369,141,delivered,920.92,2026-08-30,2026-09-01
1370,48,delivered,2049.24,2025-10-16,2025-10-21
1371,196,delivered,1281.45,2026-07-05,2026-07-10
1372,500,delivered,1048.44,2026-08-17,2026-08-20
1373,415,delivered,142.07,2026-07-17,2026-07-19
1374,107,shipped,1786.7,2026-07-26,
1375,371,shipped,670.22,2026-07-08,
1376,211,delivered,1270.62,2026-09-07,2026-09-11
1377,307,delivered,2326.33,2026-06-04,2026-06-06
1378,256,delivered,623.78,2026-06-22,2026-06-29
1379,264,delivered,272.58,2025-06-25,2025-07-02
1380,359,delivered,727.35,2026-08-21,2026-08-24
1381,384,delivered,2509.81,2026-06-30,2026-07-03
1382,72,delivered,2839.7,2026-07-16,2026-07-22
1383,139,shipped,1321.1,2026-09-26,
1384,351,delivered,741.67,2026-01-31,2026-02-06
1385,480,delivered,766.22,2025-05-24,2025-05-31
1386,6,delivered,484.64,2026-05-25,2026-05-28
1387,360,delivered,101.56,2025-12-26,2026-01-02
1388,170,shipped,1442.8,2026-09-27,
1389,322,delivered,574.98,2025-09-09,2025-09-12
1390,320,delivered,307.7,2025-02-24,2025-02-28
1391,375,delivered,1173.06,2026-09-07,2026-09-10
1392,393,delivered,1062.4,2025-05-13,2025-05-19
1393,2,delivered,183.19,2026-09-06,2026-09-09
1394,74,delivered,868.1,2026-09-12,2026-09-14
1395,341,delivered,386.55,2026-07-26,2026-07-30
1396,202,delivered,1600.18,2025-03-13,2025-03-18
1397,490,delivered,2261.58,2026-01-08,2026-01-15
1398,356,delivered,1669.84,2026-03-13,2026-03-20
1399,334,delivered,1966.17,2026-06-22,2026-06-24
1400,110,delivered,1781.76,2026-06-26,2026-06-29
1401,100,delivered,1370.07,2026-03-29,2026-04-02
1402,140,delivered,1219.46,2025-07-19,2025-07-23
1403,498,delivered,1239.57,2025-07-21,2025-07-23
1404,385,delivered,116.16,2026-06-19,2026-06-21
1405,314,processing,436.85,2026-09-26,
1406,43,delivered,311.64,2025-12-19,2025-12-21
1407,364,delivered,584.52,2025-04-19,2025-04-21
1408,429,delivered,997.06,2026-02-28,2026-03-04
1409,8,cancelled,1176.93,2025-11-16,
1410,374,delivered,1469.07,2026-05-03,2026-05-06
1411,326,delivered,707.72,2025-11-08,2025-11-10
1412,291,shipped,260.6,2025-08-23,
1413,46,delivered,511.86,2025-12-11,2025-12-13
1414,303,delivered,750.2,2026-01-03,2026-01-05
1415,236,delivered,791.97,2026-09-18,2026-09-25
1416,383,delivered,610.8,2026-08-21,2026-08-24
1417,72,delivered,190.33,2026-03-06,2026-03-11
1418,152,delivered,881.1,2026-04-03,2026-04-08
1419,396,delivered,673.62,2025-05-11,2025-05-16
1420,276,delivered,1208.14,2026-06-23,2026-06-30
1421,283,shipped,528.93,2026-05-12,
1422,240,delivered,399.77,2026-09-25,2026-09-27
1423,166,delivered,354.3,2026-05-27,2026-06-01
1424,54,delivered,1255.1,2026-07-17,2026-07-19
1425,332,processing,632.5,2026-09-29,
1426,280,delivered,1856.17,2026-09-10,2026-09-12
1427,243,shipped,2293.4,2026-04-13,
1428,206,delivered,1060.98,2026-09-28,2026-10-01
1429,397,delivered,1797.03,2026-03-26,2026-04-01
1430,483,shipped,386.67,2026-09-26,
1431,497,delivered,625.47,2026-05-30,2026-06-02
1432,76,delivered,671.52,2026-08-25,2026-08-28
1433,47,delivered,669.15,2026-09-16,2026-09-19
1434,282,delivered,795.82,2026-07-12,2026-07-19
1435,362,delivered,2029.06,2026-01-20,2026-01-22
1436,374,shipped,1371.95,2026-07-01,
1437,114,processing,441.36,2026-07-15,
1438,175,delivered,537.88,2025-06-02,2025-06-04
1439,155,delivered,946.75,2026-07-06,2026-07-10
1440,421,delivered,2086.78,2026-05-23,2026-05-27
1441,178,delivered,1678.6,2025-08-04,2025-08-06
1442,233,delivered,2709.52,2026-04-15,2026-04-22
1443,60,delivered,1099.54,2026-07-29,2026-08-03
1444,58,delivered,1257.16,2026-04-14,2026-04-19
1445,102,delivered,1005.78,2026-09-04,2026-09-10
1446,188,delivered,1070.38,2026-07-26,2026-08-01
1447,278,delivered,1429.47,2026-09-05,2026-09-09
1448,19,delivered,507.54,2026-09-22,2026-09-26
1449,203,delivered,373.29,2026-02-19,2026-02-21
1450,75,delivered,577.78,2026-05-30,2026-06-04
1451,421,delivered,294.28,2026-09-04,2026-09-09
1452,191,delivered,325.56,2025-09-24,2025-09-30
1453,372,delivered,1016.59,2026-05-12,2026-05-19
1454,370,delivered,1916.06,2026-09-07,2026-09-09
1455,438,delivered,636.66,2026-08-08,2026-08-15
1456,243,delivered,784.81,2026-03-21,2026-03-26
1457,344,delivered,271.0,2026-09-04,2026-09-09
1458,209,delivered,923.84,2025-06-16,2025-06-21
1459,405,cancelled,902.68,2025-06-10,
1460,114,delivered,3604.37,2025-04-15,2025-04-19
1461,477,delivered,518.23,2024-12-28,2025-01-01
1462,256,delivered,266.28,2026-09-19,2026-09-26
1463,17,delivered,260.9,2026-08-29,2026-09-04
1464,288,cancelled,2273.64,2026-09-12,
1465,272,delivered,2709.97,2026-09-16,2026-09-20
1466,300,delivered,1836.57,2026-08-28,2026-09-01
1467,121,delivered,240.49,2025-05-25,2025-05-31
1468,203,delivered,2361.77,2026-06-19,2026-06-21
1469,210,delivered,1856.27,2026-04-11,2026-04-14
1470,453,delivered,715.78,2026-03-04,2026-03-11
1471,254,delivered,2028.78,2026-09-23,2026-09-27
1472,336,delivered,1297.33,2026-02-19,2026-02-21
1473,115,delivered,1609.38,2025-05-21,2025-05-27
1474,375,delivered,985.13,2026-07-24,2026-07-26
1475,351,delivered,177.48,2026-08-02,2026-08-06
1476,453,delivered,953.11,2025-12-11,2025-12-16
1477,448,delivered,406.37,2026-02-21,2026-02-26
1478,458,delivered,754.31,2026-09-09,2026-09-15
1479,257,delivered,959.93,2026-09-17,2026-09-23
1480,384,delivered,2019.52,2026-05-17,2026-05-24
1481,62,delivered,410.84,2026-09-03,2026-09-09
1482,424,delivered,1350.59,2026-07-16,2026-07-20
1483,333,delivered,150.0,2026-08-07,2026-08-09
1484,389,shipped,147.42,2026-03-04,
1485,188,delivered,1283.92,2026-08-08,2026-08-12
1486,50,delivered,468.21,2025-10-11,2025-10-18
1487,252,delivered,1763.92,2026-02-12,2026-02-16
1488,133,delivered,376.32,2025-10-25,2025-10-31
1489,76,delivered,623.22,2026-09-16,2026-09-18
1490,150,delivered,1535.84,2026-05-01,2026-05-08
1491,366,delivered,910.1,2026-03-05,2026-03-09
1492,312,delivered,570.65,2026-02-27,2026-03-04
1493,76,delivered,851.42,2026-06-26,2026-06-30
1494,317,processing,2485.7,2025-06-19,
1495,192,delivered,1546.96,2026-06-15,2026-06-20
1496,460,delivered,87.24,2026-05-13,2026-05-20
1497,159,delivered,679.8,2026-06-23,2026-06-26
1498,183,shipped,429.81,28/09/2026,
1499,460,delivered,752.45,2026-01-10,2026-01-13
1500,260,delivered,133.2,2026-03-17,2026-03-23
1501,291,delivered,577.95,2026-04-02,2026-04-05
1502,354,delivered,284.6,2026-05-12,2026-05-15
1503,283,delivered,480.71,2026-06-25,2026-07-02
1504,156,delivered,940.86,2025-09-04,2025-09-07
1505,238,delivered,1667.76,2025-10-03,2025-10-05
1506,43,delivered,1363.83,2026-01-29,2026-01-31
1507,5,delivered,2252.76,2026-07-04,2026-07-06
1508,129,delivered,2024.93,2026-05-17,2026-05-23
1509,264,delivered,917.06,2026-04-06,2026-04-13
1510,288,delivered,1253.45,2026-01-24,2026-01-31
1511,254,delivered,2906.19,2026-07-24,2026-07-26
1512,422,delivered,1048.09,2025-06-17,2025-06-19
1513,164,delivered,323.74,2026-09-14,2026-09-19
1514,475,delivered,622.36,2025-10-14,2025-10-20
1515,403,delivered,849.3,2026-05-05,2026-05-08
1516,305,delivered,338.7,2026-04-12,2026-04-19
1517,157,delivered,2442.59,2026-08-16,2026-08-20
1518,3,delivered,144.68,2026-07-28,2026-08-02
1519,331,shipped,978.06,2026-06-22,
1520,132,delivered,236.2,2026-07-05,2026-07-09
1521,405,delivered,737.01,2026-06-06,2026-06-12
1522,439,delivered,1150.77,2026-04-06,2026-04-08
1523,483,delivered,465.96,2026-05-16,2026-05-21
1524,200,delivered,914.11,2026-06-25,2026-07-02
1525,328,delivered,538.96,2026-07-23,2026-07-29
1526,38,delivered,1325.34,2026-09-15,2026-09-22
1527,126,delivered,3166.22,2026-03-17,2026-03-23
1528,396,delivered,425.38,2025-03-30,2025-04-06
1529,165,delivered,821.44,2026-09-14,2026-09-19
1530,310,delivered,1231.3,2026-02-19,2026-02-21
1531,203,shipped,628.46,2026-04-27,
1532,468,cancelled,1661.25,2026-08-04,
1533,405,delivered,1398.88,2025-10-14,2025-10-18
1534,499,delivered,926.62,2026-08-11,2026-08-13
1535,313,delivered,570.48,2026-07-12,2026-07-15
1536,221,shipped,2936.67,2026-07-09,
1537,295,delivered,1711.48,2026-04-01,2026-04-07
1538,5,delivered,922.17,2026-06-18,2026-06-23
1539,394,delivered,858.84,2025-04-21,2025-04-26
1540,445,delivered,269.47,2025-11-14,2025-11-17
1541,14,delivered,304.16,2026-03-13,2026-03-15
1542,446,delivered,1314.89,2026-06-04,2026-06-07
1543,139,delivered,595.72,2026-08-30,2026-09-02
1544,228,shipped,292.12,2026-08-14,
1545,205,delivered,147.7,2026-08-20,2026-08-25
1546,260,processing,242.45,2026-09-24,
1547,62,cancelled,492.8,2026-09-08,
1548,410,delivered,499.68,2026-09-03,2026-09-08
1549,412,delivered,1799.2,2026-05-06,2026-05-08
1550,118,cancelled,1632.39,2026-08-27,
1551,415,delivered,731.64,2026-02-06,2026-02-11
1552,332,processing,159.82,2026-04-23,
1553,91,delivered,988.04,2026-08-28,2026-08-31
1554,32,delivered,709.9,2026-02-13,2026-02-16
1555,90,cancelled,525.49,2026-07-05,
1556,451,processing,483.51,2026-04-24,
1557,207,delivered,788.87,2025-08-30,2025-09-03
1558,377,shipped,1076.08,2025-09-23,
1559,81,delivered,678.19,2026-08-09,2026-08-13
1560,496,delivered,1521.48,2026-08-04,2026-08-09
1561,66,delivered,937.97,2026-07-03,2026-07-09
1562,384,shipped,498.53,2026-03-06,
1563,413,cancelled,707.86,2026-05-31,
1564,368,delivered,162.0,2026-04-04,2026-04-10
1565,129,delivered,2537.85,2026-07-06,2026-07-13
1566,265,delivered,823.62,2026-09-19,2026-09-23
1567,75,delivered,763.93,2026-07-08,2026-07-10
1568,428,delivered,2510.75,2025-11-12,2025-11-15
1569,446,shipped,2748.69,2025-08-08,
1570,382,delivered,733.09,2026-07-12,2026-07-18
1571,234,delivered,456.25,2026-04-10,2026-04-17
1572,329,delivered,376.59,2026-03-20,2026-03-26
1573,62,delivered,543.06,2026-09-20,2026-09-24
1574,284,cancelled,93.57,2026-06-30,
1575,204,shipped,295.54,2026-06-21,
1576,102,delivered,1019.36,2026-08-21,2026-08-25
1577,410,delivered,2107.86,2026-09-14,2026-09-20
1578,82,delivered,568.01,2025-05-05,2025-05-08
1579,483,cancelled,737.52,2026-07-04,
1580,458,shipped,247.11,2026-09-28,
1581,129,delivered,2512.38,2026-08-22,2026-08-29
1582,387,delivered,1208.18,2025-05-10,2025-05-13
1583,303,delivered,355.24,2026-07-26,2026-07-30
1584,72,processing,389.37,2026-06-05,
1585,300,cancelled,362.36,2026-09-26,
1586,142,delivered,463.84,2025-08-29,2025-08-31
1587,269,delivered,1149.1,2026-08-29,2026-09-05
1588,233,delivered,483.55,2026-08-19,2026-08-26
1589,239,delivered,1637.94,2026-02-24,2026-02-27
1590,492,delivered,1162.11,2025-03-14,2025-03-18
1591,216,delivered,1276.67,2026-08-28,2026-08-30
1592,169,delivered,1090.77,2026-07-31,2026-08-04
1593,300,delivered,1552.1,2026-08-24,2026-08-30
1594,429,delivered,1124.46,2026-02-10,2026-02-16
1595,61,cancelled,594.36,2026-09-29,
1596,463,delivered,158.34,2026-04-08,2026-04-13
1597,404,delivered,270.03,2025-11-25,2025-11-30
1598,382,delivered,487.83,2025-12-06,2025-12-13
1599,93,delivered,66.0,2025-10-20,2025-10-24
1600,411,delivered,631.28,2026-08-19,2026-08-24
1601,229,delivered,1478.01,2026-07-08,2026-07-12
1602,332,delivered,708.94,2026-05-01,2026-05-06
1603,316,delivered,783.56,2026-09-06,2026-09-09
1604,161,delivered,399.44,2026-06-16,2026-06-23
1605,439,delivered,606.06,2026-06-04,2026-06-08
1606,9,delivered,1816.23,2025-08-30,2025-09-05
1607,276,delivered,124.33,2026-08-26,2026-09-01
1608,47,delivered,694.65,2026-08-24,2026-08-31
1609,472,delivered,1023.45,2025-11-13,2025-11-20
1610,423,delivered,616.61,2026-03-27,2026-04-02
1611,115,shipped,670.46,2026-09-21,
1612,416,delivered,1037.94,2026-08-08,2026-08-10
1613,285,delivered,769.38,2026-04-29,2026-05-05
1614,205,delivered,576.84,2024-12-26,2024-12-31
1615,461,processing,326.52,2026-05-01,
1616,491,delivered,213.06,2026-07-14,2026-07-18
1617,470,delivered,2079.71,2026-07-06,2026-07-12
1618,360,delivered,2183.35,2026-05-25,2026-05-31
1619,236,delivered,1855.58,2026-08-07,2026-08-12
1620,459,delivered,392.76,2026-08-29,2026-09-05
1621,489,delivered,1135.16,2026-04-18,2026-04-24
1622,361,delivered,3345.43,2026-02-17,2026-02-20
1623,170,delivered,1391.4,2025-12-23,2025-12-29
1624,28,delivered,215.73,2026-09-05,2026-09-09
1625,315,delivered,280.79,2026-01-31,2026-02-05
1626,397,delivered,2055.21,2026-07-05,2026-07-08
1627,62,delivered,1053.77,2026-09-01,2026-09-03
1628,71,shipped,833.6,2025-09-09,
1629,363,delivered,764.71,2026-01-05,2026-01-09
1630,325,delivered,663.68,2026-04-18,2026-04-23
1631,11,shipped,834.92,2026-05-10,
1632,350,delivered,628.46,2026-09-19,2026-09-22
1633,3,delivered,470.85,2026-05-10,2026-05-14
1634,192,shipped,1612.63,2026-08-17,
1635,94,delivered,135.72,2026-04-24,2026-04-28
1636,308,delivered,930.13,2026-07-20,2026-07-23
1637,20,cancelled,980.32,2025-03-10,
1638,56,delivered,498.14,2026-08-02,2026-08-05
1639,80,cancelled,826.94,2025-10-01,
1640,343,delivered,455.36,2026-08-24,2026-08-28
1641,97,delivered,874.1,2026-03-06,2026-03-08
1642,435,delivered,2131.2,2026-02-10,2026-02-17
1643,202,delivered,286.74,2025-10-10,2025-10-17
1644,391,delivered,1589.46,2026-05-09,2026-05-16
1645,165,delivered,1585.83,2026-08-08,2026-08-14
1646,426,delivered,1481.12,2025-07-27,2025-07-29
1647,161,delivered,75.08,2026-06-04,2026-06-10
1648,198,delivered,323.74,2026-03-19,2026-03-25
1649,379,delivered,512.23,2026-08-29,2026-09-01
1650,487,delivered,795.34,2026-09-24,2026-09-27
1651,328,delivered,1457.7,2026-01-12,2026-01-14
1652,91,cancelled,302.23,2026-03-13,
1653,73,delivered,1144.46,2025-12-16,2025-12-22
1654,105,cancelled,603.58,2026-03-18,
1655,143,shipped,601.55,2026-09-29,
1656,6,delivered,315.02,2026-08-28,2026-09-02
1657,66,delivered,48.38,2026-09-18,2026-09-21
1658,60,delivered,668.85,2026-07-12,2026-07-17
1659,168,delivered,3142.62,2026-05-04,2026-05-11
1660,147,delivered,1026.61,2026-05-13,2026-05-19
1661,285,shipped,408.35,2026-06-25,
1662,246,delivered,40.59,2026-09-03,2026-09-06
1663,43,shipped,1561.74,2026-09-30,
1664,379,delivered,138.99,2026-09-16,2026-09-22
1665,393,cancelled,432.88,2026-08-23,
1666,8,cancelled,902.81,2026-05-25,
1667,29,delivered,656.75,2025-08-19,2025-08-22
1668,172,delivered,205.42,2025-10-07,2025-10-12
1669,432,delivered,3149.48,2025-09-21,2025-09-27
1670,58,delivered,373.77,2026-03-31,2026-04-05
1671,87,delivered,1212.43,2026-07-16,2026-07-20
1672,196,delivered,1721.6,2026-04-28,2026-04-30
1673,38,delivered,891.65,2026-07-31,2026-08-05
1674,252,delivered,590.79,2026-06-09,2026-06-13
1675,327,delivered,652.91,2026-08-10,2026-08-15
1676,74,delivered,518.89,2026-07-14,2026-07-19
1677,107,cancelled,2158.3,2026-07-18,
1678,173,delivered,758.25,2026-08-21,2026-08-26
1679,112,delivered,519.82,2026-01-24,2026-01-30
1680,461,delivered,1549.57,2026-05-03,2026-05-08
1681,56,delivered,1035.59,2026-09-15,2026-09-20
1682,173,delivered,2336.01,2026-03-21,2026-03-24
1683,291,delivered,1475.65,2026-01-22,2026-01-26
1684,78,delivered,518.48,2026-02-01,2026-02-06
1685,313,cancelled,110.23,2026-08-16,
1686,403,delivered,289.58,2026-06-18,2026-06-20
1687,437,delivered,171.86,2025-11-30,2025-12-04
1688,431,delivered,1005.03,2026-09-21,2026-09-27
1689,149,delivered,355.15,2026-09-09,2026-09-15
1690,273,processing,1548.3,2026-07-27,
1691,435,processing,46.33,2025-03-29,
1692,466,delivered,411.16,2026-06-23,2026-06-25
1693,88,delivered,499.45,2026-03-12,2026-03-18
1694,497,delivered,431.05,2026-07-14,2026-07-21
1695,320,delivered,680.49,2025-06-01,2025-06-06
1696,165,delivered,1630.57,2026-08-28,2026-08-30
1697,87,delivered,656.71,2026-08-28,2026-09-01
1698,251,delivered,544.13,2025-11-29,2025-12-02
1699,359,delivered,593.64,2026-09-15,2026-09-20
1700,171,delivered,991.5,2026-06-30,2026-07-03
1701,10,delivered,3024.94,2026-07-12,2026-07-15
1702,172,delivered,2750.12,2026-09-04,2026-09-10
1703,99,delivered,1738.29,2026-09-19,2026-09-23
1704,44,shipped,869.73,2026-09-22,
1705,39,delivered,199.07,2026-08-01,2026-08-03
1706,5,delivered,1233.11,2026-09-19,2026-09-26
1707,324,shipped,143.59,2026-08-16,
1708,29,delivered,87.44,2025-06-25,2025-06-28
1709,368,cancelled,1763.34,2025-06-12,
1710,120,delivered,81.18,2025-09-25,2025-10-02
1711,321,delivered,3083.79,2026-04-17,2026-04-22
1712,96,delivered,103.88,2026-01-20,2026-01-27
1713,260,delivered,618.51,2026-08-31,2026-09-03
1714,499,delivered,130.23,2026-07-29,2026-07-31
1715,435,delivered,1854.31,2025-05-30,2025-06-02
1716,308,delivered,1018.29,2026-06-10,2026-06-17
1717,272,delivered,475.39,2026-08-22,2026-08-29
1718,253,delivered,249.18,2026-07-27,2026-08-03
1719,41,delivered,1273.66,2026-07-28,2026-08-04
1720,349,delivered,1605.03,2026-07-29,2026-07-31
1721,190,delivered,471.1,2025-09-29,2025-10-04
1722,22,delivered,2323.32,2026-09-13,2026-09-18
1723,215,cancelled,411.61,2026-08-17,
1724,205,delivered,216.91,2026-02-09,2026-02-14
1725,49,delivered,124.93,2026-04-02,2026-04-07
1726,255,delivered,684.08,2025-09-27,2025-10-01
1727,222,delivered,1228.5,2026-06-17,2026-06-20
1728,312,delivered,1435.91,2026-03-14,2026-03-17
1729,323,delivered,2432.06,2026-08-21,2026-08-27
1730,192,shipped,362.62,2026-07-26,
1731,10,delivered,2485.35,2026-08-21,2026-08-26
1732,466,shipped,2538.26,2026-05-23,
1733,407,delivered,484.75,2026-09-25,2026-09-28
1734,363,delivered,359.48,2026-08-30,2026-09-02
1735,161,delivered,1853.35,2026-06-11,2026-06-13
1736,309,processing,1433.1,2026-05-12,
1737,74,delivered,2779.45,2026-07-25,2026-07-27
1738,288,delivered,1087.86,2026-04-04,2026-04-08
1739,97,cancelled,1915.05,2026-08-29,
1740,32,delivered,850.99,2025-11-07,2025-11-10
1741,134,delivered,634.23,2025-02-01,2025-02-05
1742,330,delivered,2155.85,2025-12-15,2025-12-17
1743,285,delivered,1233.0,2026-08-19,2026-08-24
1744,311,delivered,193.09,2026-01-27,2026-01-30
1745,445,delivered,1906.16,2026-06-22,2026-06-27
1746,322,delivered,2103.96,2026-07-18,2026-07-22
1747,290,delivered,389.37,2026-09-10,2026-09-12
1748,366,delivered,68.55,2026-08-01,2026-08-03
1749,53,delivered,660.2,2026-01-14,2026-01-21
1750,174,delivered,775.56,2026-02-21,2026-02-25
1751,280,delivered,1532.3,2026-07-05,2026-07-10
1752,391,processing,685.8,2026-05-29,
1753,13,delivered,133.34,2026-08-14,2026-08-21
1754,389,delivered,528.7,2025-11-03,2025-11-06
1755,388,delivered,290.84,2026-07-23,2026-07-28
1756,253,delivered,822.31,2026-07-04,2026-07-11
1757,299,delivered,324.56,2026-07-05,2026-07-09
1758,261,processing,821.38,2026-08-14,
1759,4,processing,2318.14,2025-10-04,
1760,428,delivered,695.25,2025-09-20,2025-09-26
1761,334,delivered,1135.94,2026-06-19,2026-06-21
1762,22,delivered,1285.05,2026-09-01,2026-09-03
1763,383,delivered,1583.98,2026-08-31,2026-09-07
1764,28,delivered,723.84,2026-08-31,2026-09-03
1765,425,delivered,714.36,2026-07-30,2026-08-03
1766,168,delivered,630.42,2026-03-16,2026-03-21
1767,147,delivered,330.33,2026-04-28,2026-05-05
1768,437,delivered,243.88,2026-08-06,2026-08-08
1769,156,delivered,488.23,2026-09-07,2026-09-14
1770,331,delivered,1108.83,2026-04-06,2026-04-11
1771,395,delivered,698.77,2026-05-08,2026-05-10
1772,382,cancelled,97.06,2025-08-22,
1773,8,delivered,979.44,2026-04-05,2026-04-12
1774,140,delivered,2327.34,2026-07-10,2026-07-17
1775,194,shipped,2754.59,2026-09-29,
1776,492,delivered,546.48,2025-06-13,2025-06-17
1777,140,cancelled,148.83,2025-10-22,
1778,333,delivered,955.18,2026-07-30,2026-08-05
1779,187,delivered,2229.89,2026-05-31,2026-06-04
1780,277,delivered,750.76,2026-05-10,2026-05-17
1781,178,delivered,598.26,2026-01-20,2026-01-23
1782,454,delivered,1325.98,2025-04-15,2025-04-19
1783,471,shipped,1871.1,2025-11-15,
1784,426,delivered,952.38,2026-03-03,2026-03-09
1785,422,delivered,231.92,2025-12-29,2025-12-31
1786,295,delivered,366.66,2025-12-10,2025-12-16
1787,404,delivered,1406.98,2026-09-02,2026-09-04
1788,420,delivered,478.98,2026-06-23,2026-06-29
1789,330,delivered,611.19,2025-11-23,2025-11-30
1790,254,delivered,1258.11,2026-04-13,2026-04-15
1791,327,delivered,74.99,2026-03-30,2026-04-02
1792,152,delivered,304.94,2026-04-18,2026-04-21
1793,232,cancelled,1552.65,2026-02-11,
1794,199,delivered,3134.43,2026-07-09,2026-07-13
1795,252,cancelled,1334.16,2026-05-31,
1796,395,delivered,944.73,2026-08-03,2026-08-10
1797,389,processing,1929.7,2025-09-25,
1798,473,delivered,699.75,2026-09-25,2026-09-30
1799,283,delivered,352.21,2025-11-26,2025-12-01
1800,351,shipped,187.14,2026-09-29,
1801,36,delivered,985.2,2026-07-25,2026-07-30
1802,25,delivered,3699.57,2025-10-18,2025-10-20
1803,219,delivered,248.66,2026-06-16,2026-06-19
1804,249,delivered,253.41,2026-06-16,2026-06-21
1805,94,delivered,460.83,2026-05-28,2026-06-04
1806,68,delivered,410.84,2026-04-27,2026-05-03
1807,188,shipped,1920.45,2026-09-29,
1808,460,delivered,1060.98,2026-02-12,2026-02-19
1809,18,delivered,1247.47,2026-06-17,2026-06-23
1810,260,processing,406.97,2026-04-15,
1811,293,delivered,3348.96,2026-08-13,2026-08-16
1812,95,delivered,94.78,2026-06-16,2026-06-18
1813,76,delivered,1224.99,2026-08-28,2026-09-04
1814,137,delivered,306.93,2025-03-25,2025-03-27
1815,340,delivered,602.26,2026-09-23,2026-09-28
1816,325,delivered,510.98,2025-03-15,2025-03-17
1817,441,delivered,130.3,2025-12-08,2025-12-13
1818,127,delivered,342.66,2026-04-05,2026-04-10
1819,446,delivered,185.64,2026-09-24,2026-09-29
1820,372,cancelled,1826.7,2026-03-30,
1821,456,delivered,1459.47,2026-07-06,2026-07-13
1822,255,delivered,248.5,2026-09-26,2026-10-01
1823,288,delivered,232.32,2026-04-28,2026-05-01
1824,202,delivered,1575.92,2025-07-06,2025-07-13
1825,262,delivered,374.19,2026-05-27,2026-06-03
1826,251,cancelled,738.75,2026-09-26,
1827,138,cancelled,593.51,2026-09-13,
1828,290,delivered,636.24,2026-04-01,2026-04-05
1829,143,delivered,620.93,2026-08-25,2026-08-30
1830,152,delivered,907.58,2026-05-14,2026-05-21
1831,298,delivered,732.58,2026-08-27,2026-08-29
1832,94,processing,2873.24,2025-10-23,
1833,276,delivered,246.25,2026-09-10,2026-09-14
1834,495,delivered,1391.48,2026-05-19,2026-05-25
1835,421,delivered,1247.02,2026-02-23,2026-03-01
1836,244,delivered,68.55,2026-08-16,2026-08-20
1837,63,delivered,304.94,2026-02-17,2026-02-19
1838,56,delivered,633.48,2026-09-14,2026-09-18
1839,105,delivered,141.66,2026-07-18,2026-07-25
1840,173,cancelled,1024.87,2026-07-03,
1841,310,delivered,873.77,2026-04-20,2026-04-24
1842,391,delivered,307.65,2025-09-27,2025-10-02
1843,47,delivered,686.55,2025-06-26,2025-07-02
1844,124,delivered,295.65,2026-06-09,2026-06-12
1845,123,delivered,1132.21,2025-09-19,2025-09-24
1846,227,delivered,959.42,2025-05-15,2025-05-20
1847,405,shipped,1546.14,2025-07-17,
1848,430,delivered,1239.93,2026-05-22,2026-05-25
1849,194,delivered,1284.62,2026-09-07,2026-09-12
1850,141,delivered,753.5,2026-06-26,2026-06-30
1851,352,cancelled,456.92,2026-07-18,
1852,366,shipped,671.35,2026-06-12,
1853,229,processing,1195.36,2026-06-23,
1854,179,shipped,1388.67,2026-09-28,
1855,265,delivered,217.04,2026-05-18,2026-05-21
1856,25,delivered,992.67,2026-08-28,2026-08-30
1857,26,delivered,1968.83,2026-02-01,2026-02-07
1858,446,processing,1542.82,2026-07-24,
1859,35,delivered,505.65,2026-08-31,2026-09-02
1860,401,delivered,696.28,2025-08-09,2025-08-16
1861,459,delivered,354.61,2026-09-29,2026-10-01
1862,396,delivered,310.64,2025-04-16,2025-04-19
1863,284,delivered,303.11,2026-01-26,2026-02-02
1864,403,delivered,1119.52,2026-09-27,2026-09-30
1865,70,delivered,768.21,2026-07-04,2026-07-09
1866,294,delivered,633.36,2026-07-04,2026-07-09
1867,366,delivered,304.94,2026-09-23,2026-09-30
1868,70,delivered,1879.49,2026-06-28,2026-07-03
1869,239,cancelled,1241.78,2026-01-04,
1870,269,cancelled,299.37,2026-07-16,
1871,106,delivered,1385.0,2026-08-20,2026-08-24
1872,192,delivered,240.45,2026-08-01,2026-08-06
1873,397,delivered,1589.41,2026-05-07,2026-05-10
1874,73,delivered,1792.04,2026-09-17,2026-09-20
1875,238,delivered,171.76,2026-05-01,2026-05-03
1876,192,delivered,3291.36,2026-07-19,2026-07-24
1877,245,delivered,208.82,2026-08-29,2026-09-03
1878,100,delivered,411.63,2026-07-06,2026-07-12
1879,365,delivered,145.42,2026-07-28,2026-07-30
1880,323,delivered,1496.98,2026-09-20,2026-09-22
1881,189,delivered,410.84,2026-08-23,2026-08-29
1882,222,delivered,267.86,2026-05-04,2026-05-06
1883,170,delivered,647.37,2026-01-24,2026-01-29
1884,142,delivered,631.43,2026-02-14,2026-02-16
1885,489,delivered,666.05,2025-10-11,2025-10-16
1886,291,delivered,128.52,2025-02-27,2025-03-02
1887,440,delivered,1349.55,2025-07-28,2025-08-04
1888,343,delivered,1673.19,2026-09-04,2026-09-08
1889,170,delivered,793.71,2026-06-09,2026-06-13
1890,267,delivered,968.4,2026-07-15,2026-07-21
1891,140,delivered,1070.76,2025-04-20,2025-04-26
1892,411,shipped,225.0,2026-05-07,
1893,115,shipped,296.74,2025-12-06,
1894,358,delivered,985.78,2026-04-22,2026-04-26
1895,84,delivered,431.46,2026-09-14,2026-09-21
1896,475,processing,1897.98,2026-06-02,
1897,61,delivered,1378.71,2026-08-21,2026-08-26
1898,313,shipped,2041.02,2026-08-17,
1899,52,delivered,169.05,2026-06-06,2026-06-13
1900,220,delivered,423.23,2026-02-12,2026-02-14
1901,17,delivered,737.72,2026-08-26,2026-08-30
1902,170,delivered,113.37,2025-11-25,2025-12-01
1903,1,shipped,652.44,2026-01-08,
1904,137,delivered,287.18,2026-08-08,2026-08-14
1905,71,delivered,2357.76,2026-07-08,2026-07-14
1906,255,delivered,1046.75,2025-09-14,2025-09-21
1907,243,shipped,2369.21,2026-08-23,
1908,215,shipped,1109.17,2026-08-12,
1909,124,delivered,1139.11,2026-04-17,2026-04-24
1910,449,delivered,1145.25,2026-02-28,2026-03-02
1911,297,delivered,2884.08,2026-06-04,2026-06-09
1912,155,cancelled,162.06,2025-12-05,
1913,81,delivered,37.54,2025-12-12,2025-12-16
1914,431,shipped,615.6,2025-12-11,
1915,402,delivered,3619.82,2026-05-11,2026-05-15
1916,445,delivered,743.25,2026-07-24,2026-07-26
1917,449,cancelled,243.44,2025-08-22,
1918,310,delivered,517.79,2026-07-18,2026-07-22
1919,395,delivered,525.07,2026-09-25,2026-09-29
1920,396,shipped,632.06,2026-07-26,
1921,338,shipped,2929.8,2026-05-08,
1922,223,delivered,492.6,2026-04-06,2026-04-13
1923,303,delivered,797.93,2026-02-05,2026-02-11
1924,243,shipped,1054.49,2026-07-01,
1925,136,delivered,99.45,2026-07-14,2026-07-21
1926,464,delivered,729.43,2025-06-24,2025-06-29
1927,123,delivered,294.28,2025-06-25,2025-06-30
1928,275,shipped,1407.54,2025-03-29,
1929,27,delivered,600.2,2025-08-21,2025-08-27
1930,400,delivered,1315.65,2026-04-21,2026-04-24
1931,351,delivered,402.13,2026-08-04,2026-08-08
1932,477,delivered,523.8,2024-12-26,2024-12-30
1933,213,delivered,385.53,2026-09-19,2026-09-24
1934,392,cancelled,1417.66,2026-04-17,
1935,80,shipped,128.85,2025-09-23,
1936,399,delivered,994.72,2026-07-04,2026-07-08
1937,63,delivered,1898.1,2025-11-25,2025-12-01
1938,404,delivered,996.44,2026-09-03,2026-09-06
1939,84,delivered,651.45,2026-07-30,2026-08-02
1940,16,delivered,1332.13,2026-07-10,2026-07-15
1941,327,delivered,59.16,2026-09-06,2026-09-12
1942,428,delivered,852.89,2026-03-10,2026-03-15
1943,97,delivered,257.7,2026-07-24,2026-07-28
1944,333,delivered,959.4,2026-07-26,2026-08-02
1945,44,delivered,160.56,2025-09-20,2025-09-22
1946,243,delivered,1948.87,2026-07-05,2026-07-11
1947,160,delivered,1422.26,2026-04-26,2026-05-01
1948,357,delivered,428.06,2026-04-23,2026-04-28
1949,500,delivered,651.88,2026-09-27,2026-09-29
1950,95,delivered,35.84,2025-10-03,2025-10-06
1951,49,cancelled,1180.87,2026-06-12,
1952,410,delivered,2426.82,2026-08-20,2026-08-22
1953,282,cancelled,547.59,2026-02-06,
1954,160,processing,858.5,2026-06-29,
1955,49,cancelled,496.52,2026-04-01,
1956,22,delivered,1416.64,2026-09-05,2026-09-09
1957,172,delivered,130.45,2026-01-07,2026-01-14
1958,241,delivered,1528.23,2026-06-23,2026-06-30
1959,123,cancelled,407.16,2026-09-08,
1960,449,delivered,581.12,2026-03-31,2026-04-07
1961,221,delivered,1523.36,2026-07-16,2026-07-23
1962,467,delivered,967.43,2026-06-09,2026-06-13
1963,131,delivered,835.46,2026-06-13,2026-06-18
1964,303,delivered,1007.1,2026-06-13,2026-06-17
1965,62,cancelled,419.03,2026-08-28,
1966,128,delivered,323.74,2025-09-02,2025-09-09
1967,69,cancelled,726.79,2025-09-07,
1968,57,shipped,169.02,2026-08-25,
1969,175,delivered,413.59,2025-07-30,2025-08-02
1970,167,cancelled,1598.44,2025-01-08,
1971,75,delivered,221.51,2026-02-03,2026-02-07
1972,251,cancelled,1042.76,2025-12-12,
1973,384,delivered,363.9,2026-05-29,2026-06-02
1974,146,delivered,291.18,2026-02-10,2026-02-15
1975,34,delivered,2153.6,2025-10-23,2025-10-27
1976,430,delivered,705.69,2026-05-14,2026-05-19
1977,400,shipped,1944.42,2026-09-29,
1978,190,delivered,180.3,2026-05-20,2026-05-27
1979,265,delivered,1125.78,2026-05-25,2026-06-01
1980,388,cancelled,468.48,2026-05-31,
1981,77,cancelled,917.15,2026-04-22,
1982,175,delivered,781.97,2026-05-26,2026-05-29
1983,392,delivered,1043.32,2026-05-20,2026-05-27
1984,290,delivered,1396.5,2026-04-10,2026-04-12
1985,242,delivered,2959.83,2025-05-18,2025-05-24
1986,40,delivered,388.02,2026-09-26,2026-09-29
1987,212,delivered,408.87,2026-01-06,2026-01-13
1988,500,delivered,455.74,2026-01-10,2026-01-17
1989,190,delivered,554.8,2026-04-09,2026-04-13
1990,62,cancelled,2569.62,2026-08-28,
1991,406,delivered,522.62,2025-12-27,2026-01-03
1992,278,delivered,114.59,2026-08-07,2026-08-14
1993,408,delivered,660.48,2026-07-22,2026-07-26
1994,299,delivered,880.2,2025-03-11,2025-03-17
1995,285,delivered,332.43,2026-08-06,2026-08-08
1996,11,delivered,851.17,2026-05-30,2026-06-02
1997,376,delivered,978.69,2025-11-26,2025-11-29
1998,339,delivered,1018.95,2025-07-28,2025-08-03
1999,105,delivered,824.09,2026-07-28,2026-08-01
2000,192,delivered,1082.21,2026-07-01,2026-07-04
2001,459,delivered,354.61,2026-09-29,2026-10-01
2002,357,cancelled,1007.62,2026-03-14,
2003,164,delivered,731.64,2025-06-17,2025-06-24
2004,391,delivered,307.65,2025-09-27,2025-10-02
2005,253,delivered,1215.12,2026-07-26,2026-08-01
2006,426,delivered,1481.12,2025-07-27,2025-07-29
2007,137,delivered,2026.44,2025-10-25,2025-10-30
2008,328,delivered,747.89,2026-03-13,2026-03-15
2009,259,delivered,79.63,2026-02-18,2026-02-22
2010,167,cancelled,1598.44,2025-01-08,
