id,order_item_id,reason,status,requested_at,refund_amount_sar
1,147,,approved,2026-03-18,991.5
2,1053,not as described,pending,2026-02-04,
3,2385,changed mind,pending,2026-07-18,
4,1828,damaged,rejected,2025-12-06,
5,4833,not as described,pending,2026-05-30,
6,1971,expired product,rejected,2026-07-18,
7,3236,not as described,rejected,2026-10-01,
8,915,wrong item,pending,2026-07-13,
9,1693,not as described,rejected,2026-10-01,
10,781,not as described,rejected,2026-04-15,
11,4000,damaged,rejected,2026-07-17,
12,635,changed mind,pending,2026-09-16,
13,2820,wrong item,rejected,2026-08-27,
14,2081,,pending,2026-01-11,
15,4211,changed mind,pending,2026-07-26,
16,203,not as described,rejected,2026-09-19,
17,1217,damaged,approved,2026-08-06,60.1
18,4499,expired product,approved,2026-02-26,1060.98
19,1889,expired product,rejected,2026-01-08,
20,1784,expired product,rejected,2025-08-20,
21,185,expired product,pending,2026-08-31,
22,3695,wrong item,pending,2026-10-01,
23,2736,damaged,pending,2026-07-05,
24,2646,late delivery,approved,2026-09-15,492.5
25,405,,approved,2025-12-06,506.4
26,3079,damaged,pending,2026-04-30,
27,4871,late delivery,rejected,2026-07-22,
28,4774,not as described,rejected,2026-03-05,
29,3173,expired product,pending,2025-12-08,
30,4820,late delivery,approved,2026-10-01,59.16
31,421,wrong item,pending,2026-10-01,
32,3372,expired product,approved,2026-07-11,1221.94
33,795,not as described,rejected,2026-09-09,
34,4518,changed mind,pending,2026-10-01,
35,1673,not as described,pending,2026-07-20,
36,3846,,pending,2026-06-29,
37,3513,wrong item,approved,2025-11-18,243.88
38,3724,expired product,rejected,2026-04-02,
39,4859,late delivery,pending,2026-02-27,
40,3567,changed mind,approved,2026-10-01,69.34
41,4085,late delivery,rejected,2026-04-20,
42,265,,rejected,2026-06-29,
43,3530,wrong item,rejected,2026-05-13,
44,4686,,approved,2026-10-01,539.1
45,17,changed mind,pending,2025-04-06,
46,2632,,approved,2026-01-24,407.16
47,3030,wrong item,pending,2026-03-06,
48,3607,wrong item,rejected,2026-05-24,
49,919,not as described,pending,2026-09-15,
50,632,late delivery,rejected,2026-08-29,
51,1771,changed mind,rejected,2025-03-12,
52,525,expired product,rejected,2026-07-08,
53,2919,wrong item,rejected,2025-07-16,
54,1767,late delivery,rejected,2026-08-23,
55,2718,damaged,approved,2026-09-16,309.6
56,3378,late delivery,pending,2026-04-17,
57,673,wrong item,pending,2026-06-04,
58,1450,late delivery,rejected,2026-06-11,
59,2144,late delivery,pending,2026-08-17,
60,4036,damaged,pending,2026-08-28,
61,1174,expired product,rejected,2025-05-28,
62,2599,expired product,rejected,2026-03-23,
63,4065,changed mind,rejected,2026-02-18,
64,2499,not as described,rejected,2026-08-12,
65,1709,wrong item,rejected,2026-09-08,
66,3565,changed mind,rejected,2026-09-04,
67,2780,damaged,rejected,2026-10-01,
68,4277,changed mind,rejected,2026-10-01,
69,4004,wrong item,rejected,2026-09-13,
70,1603,expired product,rejected,2025-07-23,
71,4512,damaged,rejected,2026-09-20,
72,3773,late delivery,pending,2025-06-27,
73,2611,wrong item,rejected,2026-08-09,
74,4497,expired product,rejected,2026-05-15,
75,4009,wrong item,rejected,2025-12-27,
76,3595,damaged,rejected,2025-08-16,
77,2908,damaged,rejected,2026-05-21,
78,2027,changed mind,pending,2026-07-06,
79,3315,damaged,rejected,2025-03-27,
80,2519,,pending,2026-02-18,
81,2036,late delivery,pending,2026-09-18,
82,4444,expired product,rejected,2026-01-10,
83,585,changed mind,rejected,2026-10-01,
84,2148,late delivery,approved,2026-02-26,266.8
85,2234,late delivery,pending,2026-09-10,
86,3804,damaged,rejected,2026-10-01,
87,1689,expired product,rejected,2026-10-01,
88,2044,changed mind,rejected,2026-03-22,
89,4259,damaged,pending,2025-07-16,
90,307,damaged,pending,2026-05-22,
91,708,damaged,pending,2026-08-27,
92,780,late delivery,pending,2026-08-10,
93,3982,not as described,pending,2025-11-22,
94,842,changed mind,rejected,2026-02-20,
95,4658,damaged,approved,2026-10-01,679.33
96,3883,damaged,approved,2026-09-06,530.49
97,4383,changed mind,approved,2026-09-26,321.12
98,1149,expired product,approved,2025-03-06,34.67
99,374,damaged,rejected,2026-04-02,
100,4436,changed mind,pending,2025-05-25,
101,3136,expired product,rejected,2026-03-30,
102,2390,expired product,approved,2026-02-07,326.64
103,1587,changed mind,rejected,2026-10-01,
104,2521,changed mind,rejected,2026-08-03,
105,4486,late delivery,rejected,2025-11-20,
106,282,damaged,approved,2026-10-01,429.01
107,2315,changed mind,rejected,2026-08-18,
108,725,changed mind,approved,2026-10-01,486.84
109,459,damaged,rejected,2026-04-29,
110,3112,not as described,pending,2026-04-23,
111,514,expired product,approved,2026-10-01,1158.86
112,2782,damaged,rejected,2026-07-16,
113,4399,expired product,pending,2026-04-12,
114,4681,changed mind,pending,2025-03-11,
115,394,damaged,approved,2026-04-16,1175.56
116,1466,damaged,approved,2025-09-05,1158.86
117,3858,wrong item,approved,2026-09-27,25.86
118,3509,late delivery,pending,2026-06-10,
119,4856,late delivery,rejected,2026-09-27,
120,3628,changed mind,pending,2026-06-14,
121,2602,expired product,rejected,2025-11-11,
122,1317,damaged,approved,2026-02-21,260.83
123,2774,,pending,2026-05-22,
124,2048,expired product,rejected,2025-06-27,
125,2697,changed mind,rejected,2025-12-23,
126,4569,expired product,rejected,2026-10-01,
127,4194,wrong item,pending,2026-02-07,
128,786,damaged,rejected,2026-06-19,
129,653,changed mind,rejected,2026-09-17,
130,3365,damaged,rejected,2026-04-15,
131,3758,wrong item,rejected,2026-07-17,
132,1681,,pending,2026-04-21,
133,2151,late delivery,pending,2026-09-15,
134,2462,changed mind,rejected,2026-07-10,
135,3885,late delivery,pending,2026-08-20,
136,361,changed mind,approved,2026-06-14,52.03
137,2511,not as described,pending,2026-09-13,
138,3180,not as described,rejected,2026-10-01,
139,58,damaged,pending,2026-04-08,
140,162,damaged,rejected,2026-03-23,
141,3843,damaged,pending,2026-04-14,
142,4243,damaged,approved,2026-08-24,168.55
143,4217,changed mind,rejected,2026-08-14,
144,3720,damaged,rejected,2026-04-15,
145,1965,changed mind,rejected,2025-08-29,
146,849,changed mind,rejected,2026-09-23,
147,1942,late delivery,pending,2026-09-11,
148,3465,not as described,rejected,2026-10-01,
149,3764,wrong item,pending,2026-05-04,
150,1613,changed mind,rejected,2026-10-01,
151,1137,changed mind,rejected,2026-01-03,
152,295,not as described,rejected,2026-03-30,
153,1911,late delivery,rejected,2026-06-29,
154,2497,expired product,pending,2026-01-29,
155,2489,not as described,rejected,2026-02-10,
156,4395,late delivery,pending,2026-09-28,
157,1788,damaged,approved,2026-05-27,1072.92
158,3635,changed mind,pending,2026-05-01,
159,2869,changed mind,rejected,2026-08-18,
160,2843,late delivery,pending,2026-06-29,
